State_FIPS_Code,County_FIPS_Code,CHSI_County_Name,CHSI_State_Name,CHSI_State_Abbr,Strata_ID_Number,LBW,LBW_Ind,Min_LBW,Max_LBW,CI_Min_LBW,CI_Max_LBW,VLBW,VLBW_Ind,Min_VLBW,Max_VLBW,CI_Min_VLBW,CI_Max_VLBW,Premature,Premature_Ind,Min_Premature,Max_Premature,CI_Min_Premature,CI_Max_Premature,Under_18,Under_18_Ind,Min_Under_18,Max_Under_18,CI_Min_Under_18,CI_Max_Under_18,Over_40,Over_40_Ind,Min_Over_40,Max_Over_40,CI_Min_Over_40,CI_Max_Over_40,Unmarried,Unmarried_Ind,Min_Unmarried,Max_Unmarried,CI_Min_Unmarried,CI_Max_Unmarried,Late_Care,Late_Care_Ind,Min_Late_Care,Max_Late_Care,CI_Min_Late_Care,CI_Max_Late_Care,Infant_Mortality,Infant_Mortality_Ind,Min_Infant_Mortality,Max_Infant_Mortality,CI_Min_Infant_Mortality,CI_Max_Infant_Mortality,IM_Wh_Non_Hisp,IM_Wh_Non_Hisp_Ind,Min_IM_Wh_Non_Hisp,Max_IM_Wh_Non_Hisp,CI_Min_IM_Wh_Non_Hisp,CI_Max_IM_Wh_Non_Hisp,IM_Bl_Non_Hisp,IM_Bl_Non_Hisp_Ind,Min_IM_Bl_Non_Hisp,Max_IM_Bl_Non_Hisp,CI_Min_IM_Bl_Non_Hisp,CI_Max_IM_Bl_Non_Hisp,IM_Hisp,IM_Hisp_Ind,Min_IM_Hisp,Max_IM_Hisp,CI_Min_IM_Hisp,CI_Max_IM_Hisp,IM_Neonatal,IM_Neonatal_Ind,Min_IM_Neonatal,Max_IM_Neonatal,CI_Min_IM_Neonatal,CI_Max_IM_Neonatal,IM_Postneonatal,IM_Postneonatal_Ind,Min_IM_Postneonatal,Max_IM_Postneonatal,CI_Min_IM_Postneonatal,CI_Max_IM_Postneonatal,Brst_Cancer,Brst_Cancer_Ind,Min_Brst_Cancer,Max_Brst_Cancer,CI_Min_Brst_Cancer,CI_Max_Brst_Cancer,Col_Cancer,Col_Cancer_Ind,Min_Col_Cancer,Max_Col_Cancer,CI_Min_Col_Cancer,CI_Max_Col_Cancer,CHD,CHD_Ind,Min_CHD,Max_CHD,CI_Min_CHD,CI_Max_CHD,Homicide,Homicide_Ind,Min_Homicide,Max_Homicide,CI_Min_Homicide,CI_Max_Homicide,Lung_Cancer,Lung_Cancer_Ind,Min_Lung_Cancer,Max_Lung_Cancer,CI_Min_Lung_Cancer,CI_Max_Lung_Cancer,MVA,MVA_Ind,Min_MVA,Max_MVA,CI_Min_MVA,CI_Max_MVA,Stroke,Stroke_Ind,Min_Stroke,Max_Stroke,CI_Min_Stroke,CI_Max_Stroke,Suicide,Suicide_Ind,Min_Suicide,Max_Suicide,CI_Min_Suicide,CI_Max_Suicide,Injury,Injury_Ind,Min_Injury,Max_Injury,CI_Min_Injury,CI_Max_Injury,Total_Births,Total_Deaths,MOBD_Time_Span
17,1,Adams,Illinois,IL,21,6.4,3,5.4,9,5.6,7.1,1.4,4,0.8,1.7,1.1,1.8,10.4,3,9,14.3,9.5,11.3,3.2,3,2.5,5.2,2.6,3.7,1.6,3,1.1,3,1.2,2,34.4,4,26.9,38.8,32.9,35.9,15.2,4,8,20.9,14.1,16.3,6.6,4,4.8,8.4,4.4,9.6,6.6,4,4.7,7.8,4.2,9.7,-1111.1,-1,0,26.8,-1111.1,-1111.1,-1111.1,-1,0,15.2,-1111.1,-1111.1,5.1,4,2.6,5.6,3.2,7.9,1.5,3,1.3,3.3,0.5,3.2,22.4,3,21.4,31.1,16.7,29.3,22.9,4,15.8,23.4,18.5,27.3,174.6,4,129.2,226.2,162.9,186.4,-1111.1,-1,1.2,7,-1111.1,-1111.1,57.5,4,45.4,68.8,50.3,64.8,13.6,3,11.5,27.7,10,18.1,51.2,3,44.2,75.2,44.9,57.5,9.8,3,9.1,18.3,6.8,13.8,22.5,3,16,29.8,18.1,27.6,4087,4194,1999-2003
17,3,Alexander,Illinois,IL,76,12.1,4,7.5,12.1,10.4,13.9,2.7,4,1.3,2.9,1.8,3.5,16.3,4,12.2,17.2,14.3,18.2,10.1,4,7.2,11.5,8.5,11.7,1,3,0.8,1.5,0.5,1.5,58.2,4,34.2,60.9,55.6,60.8,22.3,4,15.2,27,20.1,24.5,13.1,4,5.4,14,7.5,21.3,15.7,4,3.3,12.7,7.2,29.7,11.1,4,4.8,19.1,4.5,22.9,-1111.1,-1,0,28.6,-1111.1,-1111.1,4.9,3,2.5,10.3,1.8,10.7,8.2,4,1.5,5.6,3.9,15.1,30.3,4,18.5,36.2,18.5,46.8,33.1,4,17.4,27.4,23.7,45.1,247.3,4,146.7,276.3,219.5,275.1,13.4,4,4.6,13.4,6.9,23.4,77,4,54.3,84.4,62,94.5,26.7,3,25.9,45.8,17.2,39.6,80.1,4,60.5,97.1,64.6,95.5,12.6,4,7,17,6.6,21.8,24.2,3,19.8,35,15.6,35.7,1376,1296,1994-2003
17,5,Bond,Illinois,IL,60,8.3,4,5.6,8.4,7.1,9.5,1.2,4,0.8,1.8,0.7,1.7,12.9,4,8.8,13.3,11.4,14.4,4,3,3,5.8,3.1,4.8,1.1,3,0.8,2.3,0.7,1.6,27.7,3,23.1,35.5,25.7,29.7,13.9,3,10.5,24.3,12.4,15.4,8.5,4,3.9,10.1,4.8,14.1,9,4,3.9,9.8,5,14.8,-1111.1,-1,0,17.6,-1111.1,-1111.1,-1111.1,-1,0,22.2,-1111.1,-1111.1,6.3,4,1.6,7.7,3.1,11.2,2.3,4,1.2,4,0.6,5.8,31.8,4,20.2,32.3,21.7,45.1,20.9,3,16.1,27.4,15,28.3,190.8,3,163.7,274.7,171.7,209.9,-1111.1,-1,0.7,5.7,-1111.1,-1111.1,57.5,3,47.6,73.4,46.8,68.2,23.3,3,16.8,36,16.8,31.6,65,4,50.2,104.7,54,75.9,8.5,3,8.4,19.3,4.8,13.8,17.1,3,15.8,31.4,11.8,24,1959,1761,1994-2003
17,7,Boone,Illinois,IL,48,6.4,3,5.5,7.6,5.5,7.2,1.2,4,0.8,1.3,0.8,1.6,10.8,3,9.6,12.2,9.7,11.9,3.4,4,1.8,4,2.8,4.1,2.2,4,1.2,2.5,1.7,2.7,27.9,4,16.7,34.7,26.4,29.5,18.1,4,7.6,19.3,16.7,19.4,5.5,3,3.6,7.4,3.2,8.7,6.7,4,3.6,7.3,3.8,11.1,-1111.1,-1,0,38.5,-1111.1,-1111.1,1.2,4,0,14.9,0,6.7,4.5,4,2.5,5.4,2.5,7.5,1,3,0.8,2.7,0.2,2.8,22.1,3,22.1,33,14.1,32.9,29.5,4,16.2,26.1,22.2,38.3,176.5,3,142.5,217.4,157.4,195.6,-1111.1,-1,0.4,3.9,-1111.1,-1111.1,44.5,3,42.1,72.4,35.5,55.1,18.3,3,14.8,29.2,12.9,25.1,45.1,3,50.9,75.1,35.9,56,7,3,6.6,13.9,3.9,11.6,20.4,4,16,25.9,14.5,27.8,3117,1514,1999-2003
17,9,Brown,Illinois,IL,59,6.4,4,5.4,7.8,4.4,8.4,1.6,4,0.8,1.5,0.5,2.6,10,3,9,12.6,7.6,12.4,2.8,3,2.4,4.9,1.4,4.1,1.4,3,0.9,2.3,0.4,2.3,26.7,4,21.1,32.3,23.1,30.3,22.5,4,10.9,22.5,19.1,25.9,1.9,3,2.7,9.6,0,10.7,1.9,3,2.8,9.2,0,10.8,-1111.1,-1,0,0,-1111.1,-1111.1,-1111.1,-1,0,7,-1111.1,-1111.1,1.9,3,1.8,6.7,0,10.7,0,3,0,5.3,0,0,31.5,4,17.3,33,16.2,55.1,29.1,4,15.9,29.2,17.9,44.6,205.9,4,142.6,260.5,174,237.7,-1111.1,-1,0,5.5,-1111.1,-1111.1,59.5,4,39.6,62.3,42.4,81.1,13.8,3,15.9,41.8,6.8,25,72.3,4,44.9,72.2,54.9,93.4,-1111.1,-1,9.8,17.9,-1111.1,-1111.1,20.9,3,15.6,29,11.6,34.6,580,587,1994-2003
17,11,Bureau,Illinois,IL,27,5.6,3,4.9,7.2,4.6,6.6,1.1,4,0.7,1.3,0.6,1.5,10.1,4,8.9,12.7,8.8,11.4,3.2,4,1.8,3.7,2.4,3.9,2,4,1.4,2.2,1.4,2.5,30.6,4,22.9,33.9,28.7,32.6,11,3,10.1,19,9.7,12.3,5.6,4,4,8.9,2.9,9.8,6.5,4,2.9,9.1,3.3,11.3,-1111.1,-1,0,19.1,-1111.1,-1111.1,-1111.1,-1,0,19.6,-1111.1,-1111.1,2.8,3,2.5,5.4,1,6.1,2.8,4,1,3.6,1,6.1,27.5,4,17.9,29.9,18.8,38.8,20.7,4,14.4,26.1,15.3,27.3,174.9,4,123.6,230.3,158.6,191.1,-1111.1,-1,0.6,3.1,-1111.1,-1111.1,61.3,4,37.3,61.3,51.2,71.4,19.2,3,14.7,35.1,13.3,26.8,48,3,45.6,77.3,39.6,56.4,9.6,4,6.2,15.5,5.7,15.4,22.9,4,16,26.5,16.6,30.7,2142,2090,1999-2003
17,13,Calhoun,Illinois,IL,59,5.3,3,5.4,7.8,3.3,7.2,-1111.1,-1,0.8,1.5,-1111.1,-1111.1,8.5,3,9,12.6,6.1,11,2.6,3,2.4,4.9,1.2,4.1,-1111.1,-1,0.9,2.3,-1111.1,-1111.1,20.9,3,21.1,32.3,17.3,24.5,8.5,3,10.9,22.5,6.1,11,-1111.1,-1,2.7,9.6,-1111.1,-1111.1,-1111.1,-1,2.8,9.2,-1111.1,-1111.1,-1111.1,-1,0,0,-1111.1,-1111.1,-1111.1,-1,0,7,-1111.1,-1111.1,-1111.1,-1,1.8,6.7,-1111.1,-1111.1,-1111.1,-1,0,5.3,-1111.1,-1111.1,-1111.1,-1,17.3,33,-1111.1,-1111.1,26.7,4,15.9,29.2,16.2,41.5,282,4,142.6,260.5,245.1,318.9,-1111.1,-1,0,5.5,-1111.1,-1111.1,52.3,3,39.6,62.3,37,71.7,29.8,4,15.9,41.8,16.2,50.4,51.5,3,44.9,72.2,36.9,69.9,-1111.1,-1,9.8,17.9,-1111.1,-1111.1,13.3,3,15.6,29,6.2,25,493,656,1994-2003
17,15,Carroll,Illinois,IL,55,6.8,4,5.4,7.4,5.6,8,1.9,4,0.8,1.7,1.3,2.5,10.5,4,8.6,11.4,9,11.9,3.9,4,1.9,4.6,3,4.8,1.4,3,1,3.5,0.9,2,28.9,4,18.6,31.9,26.7,31,12.4,3,8.9,18.6,10.9,14,11,4,3.3,11,6.4,17.7,10.8,4,2.9,10.7,6.2,17.6,-1111.1,-1,0,10.4,-1111.1,-1111.1,-1111.1,-1,0,25.6,-1111.1,-1111.1,9.7,4,2.1,7.4,5.4,16,1.3,3,0.5,3.8,0.2,4.7,29.8,4,20.5,35.2,20.8,41.5,25.8,4,17.8,28.4,19.7,33.3,211.7,4,145.1,229.9,193.2,230.3,-1111.1,-1,0.4,4.3,-1111.1,-1111.1,65.2,4,38.3,65.2,54.5,75.9,23,4,15.6,28,16,31.8,62.5,4,47.5,76.3,52.6,72.3,13,4,6,16.7,8,19.9,17.4,3,16.1,24.4,12,24.4,1733,2066,1994-2003
17,17,Cass,Illinois,IL,60,6.3,3,5.6,8.4,5.2,7.4,1.1,3,0.8,1.8,0.6,1.6,12.8,4,8.8,13.3,11.2,14.3,5.5,4,3,5.8,4.4,6.5,0.8,3,0.8,2.3,0.4,1.2,34.5,4,23.1,35.5,32.3,36.6,21,4,10.5,24.3,19.1,22.9,7.8,3,3.9,10.1,4.1,13.3,5.9,3,3.9,9.8,2.5,11.6,-1111.1,-1,0,17.6,-1111.1,-1111.1,17.2,4,0,22.2,5.6,40.1,4.8,3,1.6,7.7,2.1,9.4,3,4,1.2,4,1,7,34.3,4,20.2,32.3,22.8,49.5,27.3,4,16.1,27.4,20,36.4,257.9,4,163.7,274.7,234.5,281.3,-1111.1,-1,0.7,5.7,-1111.1,-1111.1,61.4,4,47.6,73.4,49.9,74.7,14.1,3,16.8,36,8.4,22.1,56,3,50.2,104.7,45.2,66.8,9.6,3,8.4,19.3,5.2,16.1,21.9,3,15.8,31.4,15.2,30.6,1843,1611,1994-2003
17,19,Champaign,Illinois,IL,14,7.8,3,6.1,9,7.1,8.4,1.7,4,1.1,1.8,1.4,2,10.9,3,9.8,14.1,10.2,11.7,3.1,3,2.5,5.2,2.6,3.5,2.5,4,1.3,2.8,2.2,2.9,31.8,3,27.2,42.4,30.7,32.9,11.1,3,9.6,21.9,10.4,11.9,8.6,4,4.6,10.6,6.5,11.1,6.5,4,3.7,9.8,4.4,9.2,18.4,4,0,29.9,11.7,27.6,11.4,4,0,18.2,3.7,26.6,6.2,4,3.2,6.7,4.5,8.4,2.3,4,0.9,3.6,1.3,3.8,29,4,20.4,30.3,22.6,36.7,19.3,4,15.8,23.1,15.4,23.9,130.3,3,125.1,203.7,119.7,141,2.2,3,1.8,7.7,1.1,3.8,59.5,3,48.4,71.5,52.2,66.8,12.7,3,10.7,21.8,9.8,16.3,48.8,3,49.6,73.6,42.3,55.3,9.1,3,8.5,16.4,6.6,12.3,18.8,3,16,30,15.1,23.2,6883,3592,2001-2003
17,21,Christian,Illinois,IL,26,6.6,3,5.5,7.7,5.5,7.6,1.2,4,0.8,1.5,0.7,1.6,12.4,4,9.1,12.5,10.9,13.8,4.2,4,1.7,4.4,3.3,5.1,1.7,3,1.1,3.3,1.1,2.2,32.2,4,23.3,36.6,30.1,34.2,12.9,4,8.1,20.7,11.5,14.4,6.6,4,4.4,8.9,3.5,11.2,6.7,4,4.3,8.5,3.6,11.4,-1111.1,-1,0,9.1,-1111.1,-1111.1,-1111.1,-1,0,10.3,-1111.1,-1111.1,4,4,2.4,6.5,1.7,7.9,2.5,4,0.6,3.4,0.8,5.9,22.8,3,17.9,28.3,15.2,32.9,24,4,15.4,27.1,18.1,31.2,193.3,4,120.3,222.5,175.8,210.7,-1111.1,-1,0.6,4,-1111.1,-1111.1,76.4,4,46.8,67,64.9,87.9,19,3,12.1,27.1,13.1,26.7,58.1,4,45.3,72.9,48.7,67.5,15.5,4,7.2,16.3,10.3,22.4,19.2,3,16.7,25,13.8,26.1,1984,2164,1999-2003
17,23,Clark,Illinois,IL,60,6.3,3,5.6,8.4,5.2,7.4,1,3,0.8,1.8,0.5,1.4,10.5,3,8.8,13.3,9.1,11.8,3.6,3,3,5.8,2.8,4.4,1,3,0.8,2.3,0.5,1.4,28.5,3,23.1,35.5,26.5,30.5,16.2,4,10.5,24.3,14.6,17.9,4.7,3,3.9,10.1,2,9.2,4.1,3,3.9,9.8,1.7,8.5,-1111.1,-1,0,17.6,-1111.1,-1111.1,-1111.1,-1,0,22.2,-1111.1,-1111.1,2.9,3,1.6,7.7,0.9,6.8,1.7,3,1.2,4,0.4,5.1,22.1,3,20.2,32.3,14.2,32.8,24.9,4,16.1,27.4,18.9,32.3,232.5,4,163.7,274.7,213.1,251.9,-1111.1,-1,0.7,5.7,-1111.1,-1111.1,54.1,3,47.6,73.4,44.2,64,23.1,3,16.8,36,16.4,31.7,80,4,50.2,104.7,68.8,91.1,12.1,3,8.4,19.3,7.5,18.7,15.8,3,15.8,31.4,10.8,22.3,1939,2164,1994-2003
17,25,Clay,Illinois,IL,60,6.6,3,5.6,8.4,5.4,7.8,0.7,3,0.8,1.8,0.3,1.1,12.7,4,8.8,13.3,11.2,14.3,4.8,4,3,5.8,3.8,5.8,0.7,3,0.8,2.3,0.3,1.1,28,3,23.1,35.5,25.9,30.1,13.4,3,10.5,24.3,11.8,15,5,3,3.9,10.1,2.2,9.9,5.2,3,3.9,9.8,2.2,10.2,-1111.1,-1,0,17.6,-1111.1,-1111.1,-1111.1,-1,0,22.2,-1111.1,-1111.1,2.5,3,1.6,7.7,0.7,6.5,2.5,4,1.2,4,0.7,6.5,29.7,4,20.2,32.3,19.9,42.7,21.8,4,16.1,27.4,15.8,29.3,204.1,4,163.7,274.7,185,223.2,-1111.1,-1,0.7,5.7,-1111.1,-1111.1,65.1,4,47.6,73.4,53.6,76.6,22,3,16.8,36,14.9,31.2,87.2,4,50.2,104.7,75.5,98.9,9.5,3,8.4,19.3,5,16.3,16.1,3,15.8,31.4,10.8,23.1,1759,1892,1994-2003
17,27,Clinton,Illinois,IL,47,6,3,5,7.8,4.9,7,1,3,0.8,1.4,0.6,1.5,10.8,3,9,12.9,9.5,12.2,2.6,3,1.4,4.1,1.9,3.3,1.4,3,1.1,3.3,0.9,1.9,23.8,3,17.6,32.2,21.9,25.6,10.7,3,7.8,20.4,9.3,12,5.6,3,2.7,7.9,2.8,10,5.8,3,2.8,7.9,2.9,10.4,-1111.1,-1,0,0,-1111.1,-1111.1,-1111.1,-1,0,9.8,-1111.1,-1111.1,4,4,1.4,5.6,1.7,8,1.5,3,0.6,3.1,0.3,4.4,26.4,4,19.5,31.9,17.3,38.5,23.2,4,14.5,27,17,31,205,4,111.5,213.4,185.3,224.8,-1111.1,-1,0.7,3.8,-1111.1,-1111.1,54,4,28.6,68.4,43.6,64.3,28,4,13.7,28,20.8,36.8,44.5,3,43.5,79.3,35.8,54.6,13.2,4,7.1,17.8,8.4,19.6,20.4,4,14.4,30.2,14.5,28,1978,1649,1999-2003
17,29,Coles,Illinois,IL,19,7.1,3,5.6,9.4,6.1,8,1.2,3,0.9,1.8,0.8,1.6,10,3,9.2,14.4,8.9,11.1,3.6,3,1.9,5.8,2.9,4.3,1.3,3,1,2.5,0.9,1.7,33.8,4,25.3,39.2,32.1,35.5,11.7,3,8.7,21,10.5,12.8,6.9,3,5,9.7,4.2,10.6,7,4,4.8,9.3,4.2,10.9,-1111.1,-1,0,28.6,-1111.1,-1111.1,-1111.1,-1,0,13.4,-1111.1,-1111.1,4.8,4,3,7,2.6,8.1,2.1,3,1.5,3.5,0.8,4.5,23.5,3,20.3,32.1,16.3,32.9,23.5,4,16.6,24.8,18.1,29.9,193.6,4,112.5,235.6,177.4,209.7,-1111.1,-1,1.2,6.7,-1111.1,-1111.1,65.4,4,43.2,79.3,55.6,75.1,12,3,11.3,24.8,8.1,17.1,80.2,4,51.2,79.9,70,90.4,10.2,3,8.6,17.7,6.5,15.2,21,3,17,30.1,15.7,27.3,2904,2586,1999-2003
17,31,Cook,Illinois,IL,1,9.1,4,6.1,9.3,8.9,9.2,1.8,4,1.1,2,1.8,1.9,13.3,4,9.8,13.8,13.2,13.4,4.4,4,1.4,4.6,4.3,4.5,2.9,3,2,4.2,2.8,2.9,41.5,4,21.8,43.9,41.4,41.7,17.2,4,8.8,22.7,17.1,17.4,8.5,4,4.7,8.5,8.1,8.8,5.5,4,3.4,6.4,5,6,15.6,4,8.6,15.6,14.7,16.6,5.8,4,4.3,7,5.3,6.3,5.8,4,3.2,6.4,5.5,6.1,2.7,4,1.4,2.6,2.5,2.9,28.1,4,23.2,29.3,27,29.2,22.6,4,16.2,22.3,21.8,23.3,202.1,4,139.7,265.8,199.8,204.3,14.3,4,2.7,12.6,13.7,14.9,54.2,4,36.3,62.6,53,55.4,10.1,4,5.9,16.4,9.6,10.6,53.4,3,28.7,63.7,52.3,54.6,7.5,3,5.2,12.5,7.1,7.9,21.4,4,12.5,26.2,20.7,22.1,247949,134307,2001-2003
17,33,Crawford,Illinois,IL,55,7.3,4,5.4,7.4,6.2,8.4,1.1,3,0.8,1.7,0.7,1.6,12,4,8.6,11.4,10.6,13.3,5.4,4,1.9,4.6,4.4,6.3,0.7,3,1,3.5,0.4,1.1,28.9,4,18.6,31.9,27,30.8,13.7,3,8.9,18.6,12.2,15.1,6.3,3,3.3,11,3.2,11,5.9,3,2.9,10.7,2.9,10.6,-1111.1,-1,0,10.4,-1111.1,-1111.1,-1111.1,-1,0,25.6,-1111.1,-1111.1,2.1,3,2.1,7.4,0.6,5.4,4.2,4,0.5,3.8,1.8,8.2,32.2,4,20.5,35.2,23,43.7,30.8,4,17.8,28.4,24.3,38.5,225.3,4,145.1,229.9,207.1,243.5,-1111.1,-1,0.4,4.3,-1111.1,-1111.1,56.1,4,38.3,65.2,47,65.3,20.1,3,15.6,28,14.5,27.2,90.5,4,47.5,76.3,79.2,101.8,8.2,3,6,16.7,4.8,13.1,21.4,4,16.1,24.4,15.8,28.3,2144,2441,1994-2003
17,35,Cumberland,Illinois,IL,57,7.2,4,5,7,5.8,8.6,1.2,4,0.6,1.5,0.6,1.8,10.5,4,8.8,11.5,8.8,12.1,4.8,4,1.9,4.7,3.6,5.9,1.6,3,1,2.1,0.9,2.3,23.9,4,18.5,29,21.6,26.2,11.7,3,7.7,23.9,10,13.4,6,3,3.8,8.7,2.4,12.3,6,4,3.8,8.8,2.4,12.5,-1111.1,-1,0,24.1,-1111.1,-1111.1,-1111.1,-1,0,18.9,-1111.1,-1111.1,3.4,3,2.2,6.6,0.9,8.8,2.6,4,0.7,3.3,0.5,7.5,15.3,3,17.8,33.8,7.4,27.9,29.3,4,17.3,28.3,20.9,40,201.6,4,139.3,224.3,178,225.2,-1111.1,-1,0.4,3.4,-1111.1,-1111.1,66.1,4,37.5,64.8,52.8,81.7,18.7,3,16.9,28.5,11.5,28.7,78.6,4,48.8,83.2,64.2,93,12.5,4,6.6,14.4,6.8,21,21.6,4,15.4,24.3,14.2,31.3,1320,1227,1994-2003
17,37,DeKalb,Illinois,IL,17,7.2,4,5.3,7.6,6.5,7.8,1.7,4,0.9,1.5,1.4,2,12.6,4,8.4,12.6,11.7,13.4,2,3,1.5,4.1,1.7,2.4,2.1,3,1.5,3.4,1.8,2.5,27.3,3,15.6,34.2,26.1,28.4,15.6,4,6.3,18.2,14.6,16.5,8.1,4,3.6,7.6,5.9,10.8,6.5,4,3.6,7,4.4,9.4,27,4,0,26.4,12.4,51.3,5.2,4,0,11.4,1.4,13.2,5.5,4,2.3,5.4,3.7,7.7,2.5,4,1.3,2.9,1.3,4.1,35,4,20,32.2,27.3,44.2,20.3,3,16.8,23.7,15.9,25.5,164.2,4,124.9,205.1,151.2,177.3,2.2,4,1,4.3,1,4.2,51.7,3,43,66,44.2,59.2,14.7,3,9.7,21.1,11.3,18.9,51.1,3,49.3,72.4,43.8,58.3,8,3,8,14.4,5.4,11.2,15,3,13.4,23.3,11.4,19.3,5686,3018,1999-2003
17,39,De Witt,Illinois,IL,55,7.7,4,5.4,7.4,6.5,8.8,1.3,4,0.8,1.7,0.8,1.8,12.4,4,8.6,11.4,11,13.9,3.7,4,1.9,4.6,2.9,4.6,1.3,3,1,3.5,0.8,1.7,31.3,4,18.6,31.9,29.3,33.3,13.3,3,8.9,18.6,11.8,14.7,8.2,4,3.3,11,4.6,13.5,7.9,4,2.9,10.7,4.3,13.2,-1111.1,-1,0,10.4,-1111.1,-1111.1,-1111.1,-1,0,25.6,-1111.1,-1111.1,3.3,3,2.1,7.4,1.2,7.1,4.9,4,0.5,3.8,2.2,9.3,28.6,4,20.5,35.2,19.8,39.9,20.7,3,17.8,28.4,14.9,28,214.8,4,145.1,229.9,195.1,234.5,-1111.1,-1,0.4,4.3,-1111.1,-1111.1,66.5,4,38.3,65.2,55.3,77.7,21,3,15.6,28,14.6,29.3,58.1,3,47.5,76.3,48,68.2,13,4,6,16.7,8.1,19.8,16.1,3,16.1,24.4,10.8,22.9,2060,1921,1994-2003
17,41,Douglas,Illinois,IL,57,6.3,4,5,7,5.4,7.2,1.3,4,0.6,1.5,0.9,1.7,10.3,4,8.8,11.5,9.2,11.4,3.1,4,1.9,4.7,2.5,3.7,1.7,4,1,2.1,1.2,2.1,18.7,3,18.5,29,17.3,20.1,28.1,4,7.7,23.9,26.4,29.7,5.6,3,3.8,8.7,3.2,9.3,5.7,3,3.8,8.8,3.1,9.5,-1111.1,-1,0,24.1,-1111.1,-1111.1,-1111.1,-1,0,18.9,-1111.1,-1111.1,4.9,4,2.2,6.6,2.6,8.3,0.8,3,0.7,3.3,0.1,2.7,29.2,4,17.8,33.8,20.1,41,20.2,3,17.3,28.3,14.8,26.8,188,4,139.3,224.3,170.7,205.4,-1111.1,-1,0.4,3.4,-1111.1,-1111.1,57.8,4,37.5,64.8,48,67.6,21.2,3,16.9,28.5,15.2,28.8,56.3,3,48.8,83.2,46.9,65.8,11.4,4,6.6,14.4,7.1,17.2,22.5,4,15.4,24.3,16.7,29.7,2925,2010,1994-2003
17,43,DuPage,Illinois,IL,2,6.9,3,6.4,8.4,6.7,7.2,1.4,4,1,1.7,1.2,1.5,11,4,9.7,11.8,10.6,11.3,1.3,3,1.1,3,1.1,1.4,3.5,4,2.5,5.4,3.3,3.6,15.9,3,16.1,33.6,15.5,16.3,10.8,3,8.9,16.4,10.5,11.1,6.6,4,4.1,7.3,5.8,7.4,6,4,3.3,6,5.1,7,15.2,4,7.5,14.4,9.6,22.8,6.7,4,3.4,7.8,5,8.8,5.1,4,2.9,5.1,4.4,5.8,1.5,3,1.1,2.2,1.2,2,28.7,4,23.2,28.7,25.9,31.5,18.6,4,15.5,22.3,16.8,20.3,144.1,3,115.6,184.7,139.2,149,1.5,3,1.6,5.5,1,2,46.8,3,37.2,56.5,44,49.6,7.9,3,6.9,13.1,6.8,8.9,55.2,4,41,61.4,52.1,58.2,7.3,3,6,10.4,6.2,8.3,14.7,3,11.8,22.5,13.2,16.2,39133,17092,2001-2003
17,45,Edgar,Illinois,IL,60,8.2,4,5.6,8.4,7,9.3,1.6,4,0.8,1.8,1,2.1,11.7,4,8.8,13.3,10.3,13,5.2,4,3,5.8,4.2,6.1,0.9,3,0.8,2.3,0.5,1.3,33.6,4,23.1,35.5,31.6,35.5,18.5,4,10.5,24.3,16.9,20.2,8.7,4,3.9,10.1,5.1,13.9,8.8,4,3.9,9.8,5.1,14.1,-1111.1,-1,0,17.6,-1111.1,-1111.1,-1111.1,-1,0,22.2,-1111.1,-1111.1,4.6,3,1.6,7.7,2.1,8.7,4.1,4,1.2,4,1.8,8.1,21.3,3,20.2,32.3,14.3,30.6,26.5,4,16.1,27.4,20.7,33.6,190.5,3,163.7,274.7,174.3,206.7,-1111.1,-1,0.7,5.7,-1111.1,-1111.1,68.3,4,47.6,73.4,58.1,78.5,24.2,4,16.8,36,17.7,32.3,104.7,4,50.2,104.7,93,116.4,12.4,4,8.4,19.3,7.9,18.4,16.4,3,15.8,31.4,11.4,22.7,2193,2565,1994-2003
17,47,Edwards,Illinois,IL,55,5.9,3,5.4,7.4,4.2,7.6,1.1,3,0.8,1.7,0.3,1.8,8.5,3,8.6,11.4,6.5,10.5,3.5,4,1.9,4.6,2.2,4.8,0.7,3,1,3.5,0.1,1.3,24.4,3,18.6,31.9,21.3,27.5,10.4,3,8.9,18.6,8.2,12.6,8.9,4,3.3,11,3.3,19.4,7.6,4,2.9,10.7,2.5,17.6,-1111.1,-1,0,10.4,-1111.1,-1111.1,-1111.1,-1,0,25.6,-1111.1,-1111.1,8.9,4,2.1,7.4,3.3,19.4,0,3,0.5,3.8,0,0,-1111.1,-1,20.5,35.2,-1111.1,-1111.1,28.4,4,17.8,28.4,18.7,41.3,246.5,4,145.1,229.9,215.3,277.7,-1111.1,-1,0.4,4.3,-1111.1,-1111.1,62.5,4,38.3,65.2,47.7,80.4,36.4,4,15.6,28,23.4,54.1,61.4,3,47.5,76.3,47,78.8,-1111.1,-1,6,16.7,-1111.1,-1111.1,22.1,4,16.1,24.4,13.3,34.6,745,872,1994-2003
17,49,Effingham,Illinois,IL,47,6.5,4,5,7.8,5.5,7.5,1.3,4,0.8,1.4,0.8,1.7,12.9,4,9,12.9,11.5,14.3,3,4,1.4,4.1,2.3,3.7,2.3,4,1.1,3.3,1.7,2.9,28,4,17.6,32.2,26.2,29.8,10.3,3,7.8,20.4,9.1,11.6,8.7,4,2.7,7.9,5.3,13.4,8.9,4,2.8,7.9,5.5,13.8,-1111.1,-1,0,0,-1111.1,-1111.1,-1111.1,-1,0,9.8,-1111.1,-1111.1,5.2,4,1.4,5.6,2.7,9.1,3.5,4,0.6,3.1,1.5,6.8,23,3,19.5,31.9,14.7,34.3,22.1,4,14.5,27,15.9,29.9,151.5,3,111.5,213.4,134.3,168.7,-1111.1,-1,0.7,3.8,-1111.1,-1111.1,52.8,4,28.6,68.4,42.8,64.4,26.4,4,13.7,28,19.3,35.3,74.3,4,43.5,79.3,62.4,86.1,8.4,3,7.1,17.8,4.6,14.1,23.3,4,14.4,30.2,16.9,31.4,2305,1677,1999-2003
17,51,Fayette,Illinois,IL,60,6.8,3,5.6,8.4,5.8,7.8,1.1,3,0.8,1.8,0.7,1.6,12.1,4,8.8,13.3,10.8,13.4,6.2,4,3,5.8,5.3,7.1,0.9,3,0.8,2.3,0.6,1.3,31.6,4,23.1,35.5,29.8,33.5,14.5,3,10.5,24.3,13.1,15.8,6.1,3,3.9,10.1,3.4,10.3,6.2,3,3.9,9.8,3.4,10.4,-1111.1,-1,0,17.6,-1111.1,-1111.1,-1111.1,-1,0,22.2,-1111.1,-1111.1,3.9,3,1.6,7.7,1.8,7.5,2.2,3,1.2,4,0.7,5.1,20.2,3,20.2,32.3,13.7,28.9,23.2,4,16.1,27.4,17.8,29.7,244.8,4,163.7,274.7,226.2,263.5,-1111.1,-1,0.7,5.7,-1111.1,-1111.1,52.2,3,47.6,73.4,43.3,61,19.2,3,16.8,36,13.9,26,56.5,3,50.2,104.7,47.6,65.4,10.7,3,8.4,19.3,6.7,16,25.7,4,15.8,31.4,19.7,33,2534,2499,1994-2003
17,53,Ford,Illinois,IL,55,6.8,4,5.4,7.4,5.7,8,1.7,4,0.8,1.7,1.1,2.3,10.5,4,8.6,11.4,9,11.9,3.5,4,1.9,4.6,2.6,4.3,1.8,4,1,3.5,1.2,2.4,25.6,4,18.6,31.9,23.5,27.6,11.3,3,8.9,18.6,9.8,12.8,10.1,4,3.3,11,5.8,16.4,10.5,4,2.9,10.7,6,17,-1111.1,-1,0,10.4,-1111.1,-1111.1,-1111.1,-1,0,25.6,-1111.1,-1111.1,6.3,4,2.1,7.4,3,11.6,3.8,4,0.5,3.8,1.4,8.2,21.4,3,20.5,35.2,13.6,32.1,27.8,4,17.8,28.4,20.9,36.4,205.8,4,145.1,229.9,186.6,225,-1111.1,-1,0.4,4.3,-1111.1,-1111.1,52.7,3,38.3,65.2,42.5,64.6,30,4,15.6,28,21.4,41,65.4,4,47.5,76.3,54.9,76,6.7,3,6,16.7,3.2,12.2,16.1,3,16.1,24.4,10.8,23.1,1752,2059,1994-2003
17,55,Franklin,Illinois,IL,50,8.3,3,7.2,10.7,7.2,9.4,1.6,4,1,2,1.1,2.2,14.1,4,11.2,17.3,12.7,15.5,5.3,4,2.9,7.3,4.4,6.3,1,3,0.8,1.8,0.6,1.4,34.7,4,26.9,46.5,32.8,36.6,15.2,3,11.2,20.8,13.8,16.7,11.4,4,4.6,12,7.5,16.5,11.5,4,3.5,11.3,7.6,16.7,-1111.1,-1,0,41.2,-1111.1,-1111.1,-1111.1,-1,0,30.8,-1111.1,-1111.1,6.7,4,1.7,8.4,3.9,10.9,4.6,4,1.5,4.6,2.3,8.3,27,4,17.4,31.1,19,37.1,30,4,15.8,28.4,23.6,37.5,192.1,3,156.9,268.1,176,208.3,-1111.1,-1,1.6,7.5,-1111.1,-1111.1,78.7,4,55.4,78.7,67.9,89.6,30.1,4,11.4,32.9,22.8,39.1,49.7,3,51.9,97.6,41.6,57.7,12.5,3,10.4,19.4,8,18.7,21.9,3,16.8,33.4,16.1,29.1,2375,2869,1999-2003
17,57,Fulton,Illinois,IL,30,7.5,4,5.4,8.7,6.3,8.6,1.5,4,0.8,1.7,0.9,2,11.8,4,8.9,13.7,10.4,13.1,3.5,4,2.3,5,2.7,4.3,1.2,3,1,3.2,0.7,1.7,34.4,4,26.7,40.8,32.4,36.5,11.1,3,9.7,20.2,9.7,12.4,5.4,3,4.2,9.7,2.7,9.6,4.9,3,4,9.8,2.4,9.1,-1111.1,-1,0,23,-1111.1,-1111.1,-1111.1,-1,0,27,-1111.1,-1111.1,2.9,3,1.6,6.4,1.1,6.4,2.4,4,1,4.5,0.8,5.7,21.4,3,16.9,31,14,31.3,23.1,4,16.6,27.4,17.6,29.8,176.3,3,143.5,248.2,160.7,191.8,-1111.1,-1,0.6,4.5,-1111.1,-1111.1,61.8,4,48.9,72.4,51.9,71.7,19,3,13.4,32.3,13.3,26.4,62.9,4,46.3,83.3,53.7,72,11.3,3,9.7,18.8,7.1,17.2,22.1,3,16.6,29.7,16.4,29.3,2052,2418,1999-2003
17,59,Gallatin,Illinois,IL,62,7.4,4,5.6,8,5.4,9.4,1.6,4,0.9,2,0.7,2.6,13.9,4,10,13.9,11.3,16.5,5.3,3,3.6,6.7,3.6,7,1.8,4,0.8,2.1,0.8,2.8,31.2,4,24.3,34,27.7,34.7,18.2,4,11,25.7,15.2,21.1,5,3,2.5,10.5,1,14.6,5.1,3,1.7,11.8,1,14.8,-1111.1,-1,0,24.4,-1111.1,-1111.1,-1111.1,-1,0,6.2,-1111.1,-1111.1,0,3,1.2,7.1,0,0,5,4,0,4.8,1,14.6,42.6,4,19.6,35.9,25.2,67.4,22,3,18.3,28.7,13.3,34.1,258.3,4,158.7,256.6,226,290.6,-1111.1,-1,1.5,8.9,-1111.1,-1111.1,69.7,4,49.3,72.5,53.6,89.1,33.9,4,21.1,42.8,20.6,52.5,66.2,3,52,84.4,51.1,84.4,-1111.1,-1,10.3,20,-1111.1,-1111.1,29.2,4,17,30.8,18,45,676,916,1994-2003
17,61,Greene,Illinois,IL,40,6.6,4,4.7,7.6,5.5,7.8,1,3,0.6,1.4,0.5,1.5,11,4,8.5,12,9.5,12.4,4.9,4,2.2,5.3,3.9,5.9,1.4,3,1,2.5,0.9,2,31.8,4,19.2,36.1,29.6,33.9,14.7,3,11.3,23.9,13,16.3,5,3,4.7,8.8,2.2,9.9,5.1,3,3.8,8.4,2.2,10,-1111.1,-1,0,14.4,-1111.1,-1111.1,-1111.1,-1,0,23.3,-1111.1,-1111.1,3.1,3,1.9,5.7,1,7.3,1.9,3,1,4.1,0.4,5.5,23.5,3,16.8,32.5,14.9,35.3,32.3,4,17.7,28.6,24.8,41.4,241.5,4,138.8,233.8,220.2,262.9,-1111.1,-1,0,4.8,-1111.1,-1111.1,61.5,4,38,64.6,50.2,72.8,30.1,4,17.3,33.1,21.7,40.5,62.3,4,48.9,80.6,51.5,73.1,14.1,4,6.7,18.9,8.7,21.7,19.3,3,16.3,29.2,13.3,27.1,1794,1884,1994-2003
17,63,Grundy,Illinois,IL,48,5.8,3,5.5,7.6,4.9,6.7,0.8,3,0.8,1.3,0.5,1.2,10.1,3,9.6,12.2,9,11.3,2.4,3,1.8,4,1.8,3,1.9,4,1.2,2.5,1.4,2.5,22.9,3,16.7,34.7,21.2,24.5,9.5,3,7.6,19.3,8.4,10.7,5.9,3,3.6,7.4,3.3,9.7,5.5,3,3.6,7.3,2.9,9.4,-1111.1,-1,0,38.5,-1111.1,-1111.1,-1111.1,-1,0,14.9,-1111.1,-1111.1,2.4,3,2.5,5.4,0.9,5.1,3.5,4,0.8,2.7,1.6,6.7,30.5,4,22.1,33,20.8,43.1,26.3,4,16.2,26.1,19.5,34.6,183,4,142.5,217.4,164,202,-1111.1,-1,0.4,3.9,-1111.1,-1111.1,60.5,4,42.1,72.4,49.3,71.6,14.8,3,14.8,29.2,9.8,21.3,42.3,3,50.9,75.1,33.6,52.4,7.3,3,6.6,13.9,4,12.3,22.9,4,16,25.9,16.7,30.7,2553,1628,1999-2003
17,65,Hamilton,Illinois,IL,62,7.7,4,5.6,8,6,9.4,2,4,0.9,2,1.1,2.9,14.4,4,10,13.9,12.1,16.7,4.8,3,3.6,6.7,3.4,6.2,0.9,3,0.8,2.1,0.3,1.5,24,3,24.3,34,21.2,26.8,14.2,3,11,25.7,11.9,16.5,7.5,4,2.5,10.5,2.7,16.3,7.6,4,1.7,11.8,2.8,16.5,-1111.1,-1,0,24.4,-1111.1,-1111.1,-1111.1,-1,0,6.2,-1111.1,-1111.1,5,4,1.2,7.1,1.4,12.8,2.5,4,0,4.8,0.3,9,17.3,3,19.6,35.9,8.8,30.7,28.7,4,18.3,28.7,19.9,40,239.4,4,158.7,256.6,212.6,266.1,-1111.1,-1,1.5,8.9,-1111.1,-1111.1,69.9,4,49.3,72.5,55.5,86.9,21.1,3,21.1,42.8,12.3,33.7,50.7,3,52,84.4,39.3,64.4,-1111.1,-1,10.3,20,-1111.1,-1111.1,12.8,3,17,30.8,6.7,22,909,1086,1994-2003
17,67,Hancock,Illinois,IL,55,5.4,3,5.4,7.4,4.5,6.4,1.1,3,0.8,1.7,0.6,1.5,8.6,3,8.6,11.4,7.4,9.8,3.1,3,1.9,4.6,2.3,3.8,1.8,4,1,3.5,1.2,2.4,23.9,3,18.6,31.9,22.1,25.7,15.1,4,8.9,18.6,13.6,16.6,4.8,3,3.3,11,2.2,9,4.8,3,2.9,10.7,2.2,9.2,-1111.1,-1,0,10.4,-1111.1,-1111.1,-1111.1,-1,0,25.6,-1111.1,-1111.1,4.2,3,2.1,7.4,1.8,8.3,0.5,3,0.5,3.8,0,2.9,25,3,20.5,35.2,17.7,34.3,27.5,4,17.8,28.4,21.8,34.3,191.6,3,145.1,229.9,175.5,207.6,-1111.1,-1,0.4,4.3,-1111.1,-1111.1,58,4,38.3,65.2,48.8,67.1,18.1,3,15.6,28,12.7,25,63.2,4,47.5,76.3,54.3,72.1,11,4,6,16.7,6.9,16.7,18.4,3,16.1,24.4,13.4,24.5,2163,2374,1994-2003
17,69,Hardin,Illinois,IL,72,7.6,3,6.8,10,5.2,10.1,-1111.1,-1,0.9,1.8,-1111.1,-1111.1,12.2,3,10.9,14.5,9.2,15.2,8.1,4,5.1,8.2,5.6,10.6,1.1,4,0.6,1.7,0.1,2,29,3,24.2,42.3,24.8,33.1,12,3,12,24.4,9,15.1,-1111.1,-1,3.6,13.1,-1111.1,-1111.1,-1111.1,-1,3.6,11.1,-1111.1,-1111.1,-1111.1,-1,0,16.5,-1111.1,-1111.1,-1111.1,-1,0,27,-1111.1,-1111.1,-1111.1,-1,1.8,8.3,-1111.1,-1111.1,-1111.1,-1,1.7,5.3,-1111.1,-1111.1,-1111.1,-1,19.3,35.7,-1111.1,-1111.1,25,4,18.5,26.4,14.5,40.1,236.8,3,201.7,302.4,200,273.6,-1111.1,-1,3.6,11.3,-1111.1,-1111.1,85.8,4,63.2,89.9,65,111.2,28.5,3,27.5,48.2,16,46.8,52.5,3,47.5,80.9,36.7,72.8,-1111.1,-1,10.2,20.6,-1111.1,-1111.1,49,4,21.3,39.6,32,71.9,459,697,1994-2003
17,71,Henderson,Illinois,IL,54,6.1,3,5.1,7.2,4.4,7.7,1.3,4,0.6,1.7,0.5,2,10,4,8.3,11.4,7.9,12.1,4.8,4,1.6,4.3,3.3,6.3,1.8,4,1.1,2.7,0.8,2.7,28.9,4,16.6,28,25.7,32,13.8,3,9.7,18.7,11.4,16.2,4.3,3,1.7,10.9,0.9,12.6,4.4,3,1.7,10.8,0.9,12.8,-1111.1,-1,0,0,-1111.1,-1111.1,-1111.1,-1,0,20.8,-1111.1,-1111.1,2.9,3,0,8,0.3,10.4,1.4,3,0,3.3,0,8,34.9,4,18.2,34.7,21.2,54.3,17.7,3,15.2,28,10.6,27.7,264.3,4,124.8,232.5,232.9,295.7,-1111.1,-1,0,3.8,-1111.1,-1111.1,59.7,4,36.2,59.3,45.9,76.3,19.9,3,17.2,33.8,11.2,32.5,99.2,4,47.7,75.6,80,118.4,12.3,4,5.7,20,5.8,22.8,12,3,15.3,30.1,5.9,21.7,793,874,1994-2003
17,73,Henry,Illinois,IL,18,6.7,4,5.7,7.9,5.8,7.6,1,3,0.9,1.4,0.6,1.3,11,4,8.9,12.1,9.8,12.1,3.5,4,2.2,4.5,2.8,4.1,1.9,3,1.6,3.9,1.4,2.4,29.6,4,24.2,40.6,27.9,31.3,13,3,7.4,23.1,11.7,14.2,8.1,4,2.9,8.3,5.1,12.1,7.5,4,2.2,7.6,4.6,11.6,-1111.1,-1,0,41.8,-1111.1,-1111.1,-1111.1,-1,0,23,-1111.1,-1111.1,6,4,2,5.7,3.5,9.6,2.1,4,1.3,3.2,0.8,4.6,26.1,3,20,32.4,18.9,35.2,24.3,4,15.9,25.4,19.3,30.2,144.9,3,127,220.8,132,157.8,-1111.1,-1,0.8,3.6,-1111.1,-1111.1,51.2,4,42.1,59.4,43.3,59.1,17.9,3,9.7,25.7,13,24.1,72,4,48.7,77.1,63.2,80.8,10.5,3,8,15.5,6.9,15.2,21.9,4,17,24.9,16.7,28.3,2849,2711,1999-2003
17,75,Iroquois,Illinois,IL,27,5.9,3,4.9,7.2,4.8,7,0.7,3,0.7,1.3,0.3,1.1,9.4,3,8.9,12.7,8.1,10.8,3.5,4,1.8,3.7,2.6,4.4,1.7,4,1.4,2.2,1.1,2.4,31.2,4,22.9,33.9,29,33.3,15.7,4,10.1,19,14,17.4,5.1,3,4,8.9,2.3,9.6,5,4,2.9,9.1,2.2,9.9,-1111.1,-1,0,19.1,-1111.1,-1111.1,-1111.1,-1,0,19.6,-1111.1,-1111.1,2.8,3,2.5,5.4,0.9,6.6,2.3,4,1,3.6,0.6,5.8,24.8,4,17.9,29.9,16.2,36.5,27.8,4,14.4,26.1,21.2,35.9,235.6,4,123.6,230.3,215.4,255.7,-1111.1,-1,0.6,3.1,-1111.1,-1111.1,52.4,4,37.3,61.3,42.5,62.2,32.5,4,14.7,35.1,23.8,43.3,66.3,4,45.6,77.3,55.7,76.9,11.3,4,6.2,15.5,6.5,18.4,20,4,16,26.5,14,27.7,1773,1958,1999-2003
17,77,Jackson,Illinois,IL,8,8.2,3,7.4,11.6,7.3,9.2,1.4,3,1.2,2.6,1,1.8,11.8,3,11.9,17,10.7,12.9,2.8,3,4.3,8.5,2.2,3.3,1.8,4,0.8,1.8,1.3,2.2,38.5,3,33.4,57.4,36.9,40.2,16.4,3,10.7,32.2,15.1,17.7,8.6,3,6.6,11.7,5.8,12.4,7.1,3,4.8,9.4,4.1,11.3,13.9,4,0,19.6,6.7,25.6,-1111.1,-1,0,11.5,-1111.1,-1111.1,5.6,4,3.6,8.9,3.4,8.8,3,3,2.3,4.9,1.4,5.5,24.8,3,20.4,33.3,17.1,34.8,25.4,4,16.6,27.4,19.6,32.4,169,3,154.1,257.6,153.3,184.7,4,3,3.7,14.2,2,7.2,54.7,3,54.7,81.2,45.5,63.9,14.4,3,17,36.3,10,20,59.6,3,53.3,86.5,50.4,68.8,7.9,3,7.7,18.2,4.8,12.3,19.8,3,18.7,37.4,14.7,26.2,3372,2379,1999-2003
17,79,Jasper,Illinois,IL,56,7.2,4,4.5,7.5,5.7,8.7,0.9,3,0.5,2,0.4,1.5,12.1,4,8.1,11.6,10.2,14,3.4,4,1.6,4.2,2.4,4.5,1.9,4,0.9,2.7,1.1,2.7,20.1,4,14.2,25.9,17.9,22.4,11.1,3,9.9,17.8,9.3,12.9,9.4,4,3.1,9.8,4.5,17.3,9.5,4,3.1,9.5,4.5,17.4,-1111.1,-1,0,0,-1111.1,-1111.1,-1111.1,-1,0,38.5,-1111.1,-1111.1,6.6,4,1.4,7.9,2.6,13.5,2.8,4,0,4.4,0.6,8.2,17.1,3,17.1,31.7,8.1,31.8,24.6,4,14.2,26.5,16.5,35.3,207.9,4,125.8,235.2,183.5,232.3,-1111.1,-1,0,2.9,-1111.1,-1111.1,64.9,4,32.6,55.5,51.4,81,23.9,3,15.6,33,15.2,35.9,75.5,4,46.6,69.4,61.1,90,-1111.1,-1,5.8,15.7,-1111.1,-1111.1,25.2,4,12,28.8,16.7,36.5,1192,1089,1994-2003
17,81,Jefferson,Illinois,IL,34,7.5,3,5.7,8.4,6.4,8.5,0.8,3,0.8,1.9,0.4,1.2,12.9,4,9.4,14.8,11.6,14.3,4.7,3,3.7,7,3.8,5.5,1.4,3,1.1,2.1,0.9,1.8,37.8,4,29.7,42.7,35.9,39.8,16.1,3,14.1,24.6,14.6,17.5,5.9,3,5.5,10,3.2,10,4.8,3,4.9,9.7,2.3,8.8,-1111.1,-1,0,18.9,-1111.1,-1111.1,-1111.1,-1,0,37,-1111.1,-1111.1,4.7,4,3,6.3,2.3,8.3,1.3,3,1.4,3.6,0.3,3.7,34.7,4,18.2,31,25,46.9,25.6,4,18.3,27,19.7,32.7,191.5,3,143.8,244.3,174.2,208.9,-1111.1,-1,1.4,7.2,-1111.1,-1111.1,54.4,3,47,76.4,45,63.9,15.5,3,18.2,42.2,10.6,22,45,3,51.5,83.4,36.7,53.3,9.5,3,10.1,18,5.8,14.7,24.2,3,16.5,29.3,18.1,31.6,2358,2104,1999-2003
17,83,Jersey,Illinois,IL,38,6.5,4,5.5,9.7,5.5,7.5,1.1,3,0.7,1.6,0.7,1.5,10.3,3,9.2,13.1,9.1,11.6,3.1,3,2.1,5.2,2.4,3.8,1.3,3,1,2.4,0.8,1.8,25.1,4,14.1,31.1,23.4,26.8,11.3,3,10,18.4,10,12.5,5.6,3,4,8.9,2.9,9.7,5.1,3,3.7,8.7,2.6,9.2,-1111.1,-1,0,11.8,-1111.1,-1111.1,-1111.1,-1,0,9.3,-1111.1,-1111.1,4.2,4,2.1,6.8,1.9,7.9,1.4,3,0.6,3.5,0.3,4.1,24.2,3,15.4,35.2,16.3,34.6,23,4,13.2,26.5,17.3,30,281,4,122.8,227.5,260,302,-1111.1,-1,0,4.9,-1111.1,-1111.1,49.8,4,28.6,64.8,40.9,58.7,24.3,3,14,33.1,18.3,31.8,52.2,3,46.1,76.3,43.1,61.2,14,4,7.5,20.3,9.5,19.8,24.4,4,15.2,27.5,18.4,31.8,2390,2251,1994-2003
17,85,Jo Daviess,Illinois,IL,57,5,3,5,7,4.1,5.8,1.3,4,0.6,1.5,0.8,1.7,9.1,3,8.8,11.5,8,10.3,2.1,3,1.9,4.7,1.5,2.6,1.5,3,1,2.1,1,2,23.9,4,18.5,29,22.2,25.6,14.2,4,7.7,23.9,12.8,15.5,4.1,3,3.8,8.7,1.9,7.9,4.3,3,3.8,8.8,2,8.2,-1111.1,-1,0,24.1,-1111.1,-1111.1,-1111.1,-1,0,18.9,-1111.1,-1111.1,2.3,3,2.2,6.6,0.7,5.4,1.8,3,0.7,3.3,0.5,4.7,30.4,4,17.8,33.8,22,40.9,16.4,3,17.3,28.3,12.1,21.7,156.9,3,139.3,224.3,142.7,171.2,-1111.1,-1,0.4,3.4,-1111.1,-1111.1,53.5,4,37.5,64.8,45.1,61.9,18,3,16.9,28.5,12.7,24.8,59,4,48.8,83.2,50.3,67.6,11.5,4,6.6,14.4,7.3,17.2,15.4,3,15.4,24.3,11,20.9,2433,2198,1994-2003
17,87,Johnson,Illinois,IL,64,7.2,3,6.3,9.3,5.7,8.7,1.8,4,0.9,1.8,1,2.5,12,4,10.5,13.4,10.1,13.9,4.1,3,3.9,6.6,3,5.3,2.3,4,0.7,1.8,1.4,3.1,20,3,21.2,37.5,17.7,22.3,12.1,3,10.6,22.6,10.2,14.1,8.7,4,4.7,10.8,4,16.5,8.9,4,4.2,10.1,4.1,16.8,-1111.1,-1,0,23.4,-1111.1,-1111.1,-1111.1,-1,0,13,-1111.1,-1111.1,6.7,4,2.3,7.9,2.7,13.9,1.9,3,0.7,4.1,0.2,7,28.4,4,17.7,33.9,16.6,45.4,25,4,15.5,28.2,17.3,34.9,205.8,3,160.4,288.5,181.1,230.6,-1111.1,-1,0.8,8.2,-1111.1,-1111.1,65.2,3,55.4,79.8,52.2,80.4,17.5,3,19.5,43.9,11,26.5,52.3,3,52.3,83,40.5,66.4,13.4,3,9.8,19.9,7.9,21.2,21.1,3,17,35.6,13.8,30.8,1140,1204,1994-2003
17,89,Kane,Illinois,IL,10,6.9,3,5.9,8.6,6.6,7.3,1.4,4,1,1.6,1.3,1.6,11.7,4,9.6,13.2,11.3,12.1,3,4,1.4,3.5,2.8,3.2,2.3,3,2.1,3.7,2.1,2.5,30.2,4,15.9,36,29.6,30.8,19,4,8.7,21.2,18.5,19.4,6.5,4,4,8,5.5,7.5,5.2,4,3.3,6.6,4,6.7,14.2,4,7.2,17.6,8.8,21.8,6.9,4,3.3,9.4,5.4,8.7,4.7,4,2.8,5.9,3.9,5.6,1.7,4,1,2.4,1.3,2.3,31,4,22.9,28,26.3,35.8,21.3,4,15.9,22.7,18.3,24.3,150.4,3,117.1,207.8,142.4,158.4,4.5,4,1.3,5.5,3.5,5.9,56,4,43.7,62.2,51.1,60.9,10.8,3,7.9,14.3,8.9,12.7,59.9,4,39.2,68.6,54.8,65,8.4,3,6.3,14.8,6.8,10,17.1,3,13.6,25.2,14.6,19.6,24712,7572,2001-2003
17,91,Kankakee,Illinois,IL,15,7.6,3,6.8,9.5,6.8,8.3,1.6,4,1.1,2,1.2,1.9,12.4,3,11.5,14,11.4,13.3,4.6,4,2.9,5.2,4,5.2,1.7,3,1.2,2.3,1.3,2,41,4,26.6,44.3,39.6,42.5,25.3,4,10.8,21.3,24,26.5,9.5,4,5.8,10.3,6.9,12.8,8.2,4,4.9,8.4,5.3,12,17.4,4,3.3,18.9,10.1,27.8,2,3,0,12.4,0.1,11.1,7.1,4,2.8,7.4,4.9,10,2.2,3,1.7,4.1,1,4,27.4,4,21.4,28.8,20.3,36.2,19.3,3,17.2,22.5,14.8,24.7,236.3,4,145.1,222,219.5,253,7,4,2.4,7.7,4.4,10.6,66.4,4,56.8,73.1,57.6,75.3,22.9,4,11.2,23.2,17.9,28.8,70.3,4,53.1,76.1,61.2,79.4,10.2,3,9.2,14.7,7,14.4,25.6,4,15.7,31.4,20.3,31.9,4620,3287,2001-2003
17,93,Kendall,Illinois,IL,48,6,3,5.5,7.6,5.4,6.7,1.4,4,0.8,1.3,1,1.7,10.9,4,9.6,12.2,10.1,11.8,1,3,1.8,4,0.8,1.3,2.3,4,1.2,2.5,1.9,2.7,15.7,3,16.7,34.7,14.7,16.7,10.3,3,7.6,19.3,9.4,11.2,7,4,3.6,7.4,4.8,9.8,6,4,3.6,7.3,3.9,8.9,-1111.1,-1,0,38.5,-1111.1,-1111.1,7.2,4,0,14.9,2,18.5,5.3,4,2.5,5.4,3.5,7.8,1.6,4,0.8,2.7,0.7,3.2,33,4,22.1,33,23.7,44.7,23.5,4,16.2,26.1,17.3,31,138.4,3,142.5,217.4,122.3,154.5,-1111.1,-1,0.4,3.9,-1111.1,-1111.1,53.2,3,42.1,72.4,43.5,63,15.6,3,14.8,29.2,11.2,21.2,50.9,3,50.9,75.1,41.1,60.7,10.5,4,6.6,13.9,6.9,15.3,15,3,16,25.9,10.4,20.9,4870,1570,1999-2003
17,95,Knox,Illinois,IL,21,7.4,4,5.4,9,6.5,8.3,1.2,3,0.8,1.7,0.8,1.6,12.2,4,9,14.3,11.1,13.4,3.4,3,2.5,5.2,2.7,4,1.6,3,1.1,3,1.2,2.1,41.6,4,26.9,38.8,39.8,43.3,12.4,3,8,20.9,11.3,13.6,7.1,4,4.8,8.4,4.4,10.7,7.7,4,4.7,7.8,4.8,11.8,-1111.1,-1,0,26.8,-1111.1,-1111.1,-1111.1,-1,0,15.2,-1111.1,-1111.1,4.2,3,2.6,5.6,2.2,7.1,2.9,4,1.3,3.3,1.3,5.5,24.7,3,21.4,31.1,18,32.9,21.5,4,15.8,23.4,17.1,26.7,191.7,4,129.2,226.2,178,205.3,-1111.1,-1,1.2,7,-1111.1,-1111.1,65.8,4,45.4,68.8,57.4,74.1,8,3,11.5,27.7,5,12,72.6,4,44.2,75.2,64.3,80.9,10.9,3,9.1,18.3,7.4,15.6,23.1,4,16,29.8,18.3,28.8,3115,3540,1999-2003
17,97,Lake,Illinois,IL,2,7.3,4,6.4,8.4,7,7.6,1.3,3,1,1.7,1.2,1.5,11.3,4,9.7,11.8,10.9,11.6,2.2,4,1.1,3,2.1,2.4,3.4,3,2.5,5.4,3.2,3.6,23.8,3,16.1,33.6,23.4,24.3,16.3,4,8.9,16.4,15.9,16.7,5,3,4.1,7.3,4.3,5.8,4.9,4,3.3,6,4,6.1,10.3,3,7.5,14.4,6.5,15.4,4.1,3,3.4,7.8,2.9,5.7,3.1,3,2.9,5.1,2.5,3.8,1.9,4,1.1,2.2,1.5,2.4,27.6,4,23.2,28.7,24.1,31.1,18.4,4,15.5,22.3,16.2,20.7,160.5,4,115.6,184.7,153.9,167.2,2.8,3,1.6,5.5,2.1,3.6,52.5,4,37.2,56.5,48.8,56.2,8.7,3,6.9,13.1,7.4,10,60,4,41,61.4,55.9,64.1,7.6,3,6,10.4,6.3,8.8,16.5,3,11.8,22.5,14.5,18.5,31544,11514,2001-2003
17,99,La Salle,Illinois,IL,13,6.9,3,6,8.1,6.1,7.6,1.1,3,0.9,1.8,0.8,1.4,13.2,4,8.8,12.8,12.1,14.2,3.5,4,1.6,4.8,2.9,4,1.8,3,1.6,4.1,1.4,2.3,34.1,4,23.2,39.5,32.7,35.5,14,3,8.8,26.1,12.9,15,5.7,3,4.3,8.6,3.6,8.5,5.7,3,4,7.2,3.5,8.7,-1111.1,-1,0,31.3,-1111.1,-1111.1,-1111.1,-1,0,7.3,-1111.1,-1111.1,4.3,4,2.9,5.8,2.5,6.7,1.4,3,1,2.7,0.5,3.1,22.7,3,20.3,27.7,16.7,30.2,24,4,14.7,23.4,19.3,28.6,192.1,4,133.6,222.5,179.3,204.9,3.5,4,0.6,6.1,1.7,6.2,65.3,4,48.5,59.3,57.4,73.2,19.9,4,9.6,21.1,15.4,25.3,49.7,3,42.8,70.3,43.3,56.1,9.4,3,7.4,16.2,6.4,13.3,23.3,4,12.1,28.2,18.6,28.8,4218,3756,2001-2003
17,101,Lawrence,Illinois,IL,60,7.2,4,5.6,8.4,6,8.5,0.9,3,0.8,1.8,0.4,1.3,10.6,3,8.8,13.3,9.1,12.1,5.4,4,3,5.8,4.3,6.5,0.9,3,0.8,2.3,0.4,1.3,29.4,4,23.1,35.5,27.2,31.7,12.3,3,10.5,24.3,10.7,13.9,9,4,3.9,10.1,4.8,15.4,9.2,4,3.9,9.8,4.9,15.8,-1111.1,-1,0,17.6,-1111.1,-1111.1,-1111.1,-1,0,22.2,-1111.1,-1111.1,6.2,4,1.6,7.7,2.9,11.9,2.8,4,1.2,4,0.8,7.1,28.7,4,20.2,32.3,19.4,40.8,23.3,4,16.1,27.4,17.4,30.6,178.7,3,163.7,274.7,161.4,196,-1111.1,-1,0.7,5.7,-1111.1,-1111.1,65,4,47.6,73.4,54.2,75.8,33.7,4,16.8,36,25.2,44.3,91,4,50.2,104.7,79.7,102.4,11.9,3,8.4,19.3,7.2,18.7,23.3,4,15.8,31.4,17,31.1,1617,2490,1994-2003
17,103,Lee,Illinois,IL,25,5.5,3,5.6,8.2,4.4,6.5,1.2,3,0.9,1.8,0.7,1.7,9.9,3,9.6,13.2,8.6,11.3,2.8,3,2.2,4.2,2,3.5,1.7,4,1.2,3.3,1.1,2.3,31.9,4,20,34,29.8,34.1,13.3,4,7.1,18.1,11.8,14.9,6.5,4,5.1,10,3.3,11.3,5.2,3,4.6,9.7,2.4,9.8,-1111.1,-1,0,28.6,-1111.1,-1111.1,-1111.1,-1,0,37,-1111.1,-1111.1,3.2,3,2.3,7.2,1.2,7.1,3.2,4,0.8,3.8,1.2,7.1,29.9,4,20.4,31,20.3,42.4,24.8,4,16.6,24.8,18.6,32.5,192.5,4,146.1,194.1,173.8,211.2,-1111.1,-1,0,4.2,-1111.1,-1111.1,57.7,3,45.7,73.6,47.2,68.2,24.8,4,10.7,22.1,18,33.4,59.6,3,49.6,78.2,49.4,69.8,15.2,4,7.7,15.6,10.1,22,19.8,4,13.7,27.6,14.1,27,1851,1956,1999-2003
17,105,Livingston,Illinois,IL,26,6.4,3,5.5,7.7,5.5,7.4,1,3,0.8,1.5,0.6,1.4,14.2,4,9.1,12.5,12.8,15.5,3.1,4,1.7,4.4,2.5,3.8,1.9,4,1.1,3.3,1.4,2.5,36.6,4,23.3,36.6,34.7,38.4,12.8,4,8.1,20.7,11.5,14.1,7.1,4,4.4,8.9,4.2,11.2,7,4,4.3,8.5,4,11.4,-1111.1,-1,0,9.1,-1111.1,-1111.1,-1111.1,-1,0,10.3,-1111.1,-1111.1,3.5,3,2.4,6.5,1.6,6.7,3.5,4,0.6,3.4,1.6,6.7,23.4,4,17.9,28.3,15.7,33.6,19.6,3,15.4,27.1,14.4,26.1,179.6,4,120.3,222.5,162.9,196.3,-1111.1,-1,0.6,4,-1111.1,-1111.1,50.1,3,46.8,67,40.8,59.4,23.5,4,12.1,27.1,17.2,31.3,61.5,4,45.3,72.9,52,70.9,9.3,3,7.2,16.3,5.6,14.6,18.3,3,16.7,25,13.1,24.9,2546,2061,1999-2003
17,107,Logan,Illinois,IL,26,6.8,4,5.5,7.7,5.6,8,1.3,4,0.8,1.5,0.8,1.9,11,4,9.1,12.5,9.5,12.5,4,4,1.7,4.4,3.1,5,1.4,3,1.1,3.3,0.9,2,33.5,4,23.3,36.6,31.2,35.8,11.1,3,8.1,20.7,9.6,12.6,5.4,3,4.4,8.9,2.5,10.2,5.6,3,4.3,8.5,2.6,10.7,-1111.1,-1,0,9.1,-1111.1,-1111.1,-1111.1,-1,0,10.3,-1111.1,-1111.1,2.4,3,2.4,6.5,0.7,6.1,3,4,0.6,3.4,1,7,17,3,17.9,28.3,9.7,27.7,27.2,4,15.4,27.1,20.2,35.9,143.7,3,120.3,222.5,126.8,160.7,-1111.1,-1,0.6,4,-1111.1,-1111.1,53,3,46.8,67,42.8,64.9,17.6,3,12.1,27.1,11.7,25.3,60.7,4,45.3,72.9,50,71.4,7.7,3,7.2,16.3,4,13.5,25.9,4,16.7,25,18.9,34.6,1668,1719,1999-2003
17,109,McDonough,Illinois,IL,50,6.1,3,7.2,10.7,4.9,7.3,1.3,3,1,2,0.8,1.9,11.2,3,11.2,17.3,9.5,12.8,2.8,3,2.9,7.3,2,3.7,2.1,4,0.8,1.8,1.4,2.8,29.7,3,26.9,46.5,27.4,32,17,4,11.2,20.8,15.1,18.9,6.7,3,4.6,12,3.2,12.4,5.1,3,3.5,11.3,2,10.5,-1111.1,-1,0,41.2,-1111.1,-1111.1,-1111.1,-1,0,30.8,-1111.1,-1111.1,4.7,3,1.7,8.4,1.9,9.7,2,3,1.5,4.6,0.4,5.9,18,3,17.4,31.1,10.4,29,24,4,15.8,28.4,17.4,32.2,175.7,3,156.9,268.1,156.9,194.5,-1111.1,-1,1.6,7.5,-1111.1,-1111.1,56.2,3,55.4,78.7,45.5,68.7,11.4,3,11.4,32.9,6.7,18.1,80.6,4,51.9,97.6,68.3,93,7.5,3,10.4,19.4,3.8,13.2,16.8,3,16.8,33.4,10.9,24.9,1484,1491,1999-2003
17,111,McHenry,Illinois,IL,12,6.7,3,5.6,7.8,6.2,7.1,1.2,3,0.9,1.5,1,1.3,12,4,9.5,12.6,11.4,12.6,1.7,3,1,3.6,1.5,2,2.8,4,1.5,3.6,2.5,3,17.9,3,13.9,33.9,17.3,18.6,11.4,4,6,19.4,10.8,11.9,4,3,4.2,7.8,3,5.3,3.2,3,3.9,7.5,2.2,4.6,-1111.1,-1,0,31.3,-1111.1,-1111.1,6.5,4,0,9.2,3.5,10.8,2.7,3,2.7,5.7,1.9,3.8,1.2,3,1.1,2.8,0.7,2,29.5,4,18.3,29.6,23.9,35.2,25.5,4,15.1,24.1,21.4,29.6,157.6,3,109.3,211.5,147.3,167.9,1.4,3,0.9,3.7,0.7,2.5,55.8,4,38.9,67.6,49.8,61.7,14.5,4,9.4,19.9,11.7,17.2,55.7,3,45.4,67.8,49.5,61.9,6.4,3,7.3,13.9,4.8,8.4,15.3,3,13,23.9,12.4,18.2,12521,4838,2001-2003
17,113,McLean,Illinois,IL,11,7,4,6.1,8.9,6.4,7.7,1.4,4,0.9,1.6,1.1,1.7,12.5,4,9.2,13,11.7,13.3,2.1,3,1.2,4.1,1.7,2.4,1.8,3,1.5,4.6,1.5,2.2,25.4,3,16.6,34.1,24.3,26.5,10.1,4,7,22.5,9.3,10.8,9.2,4,4.1,9,7,11.9,10.8,4,3.5,8.7,8.1,14.1,7.3,3,0,26.3,2,18.6,-1111.1,-1,0,16.7,-1111.1,-1111.1,6.9,4,2.8,6.5,5,9.2,2.4,4,0.9,3,1.3,3.9,24.5,3,20.7,30,18.2,32.2,20.3,4,16.2,22.8,16,25.5,164.1,4,118.4,181.9,151.2,177,-1111.1,-1,0.6,5.8,-1111.1,-1111.1,54.8,4,45.6,63.9,47.2,62.4,14.2,4,7.4,20.2,10.9,18.2,58.4,4,43.4,67.1,50.7,66.1,9.8,3,7.6,13.5,7,13.2,16.3,3,15,25.5,12.6,20.7,6277,3202,2001-2003
17,115,Macon,Illinois,IL,15,9.5,4,6.8,9.5,8.6,10.4,1.9,4,1.1,2,1.5,2.3,13.9,4,11.5,14,12.8,14.9,5.7,4,2.9,5.2,5,6.4,1.5,3,1.2,2.3,1.2,1.9,47,4,26.6,44.3,45.5,48.5,18,4,10.8,21.3,16.8,19.1,8.1,3,5.8,10.3,5.7,11.3,6.9,3,4.9,8.4,4.3,10.5,13.1,3,3.3,18.9,7,22.4,-1111.1,-1,0,12.4,-1111.1,-1111.1,7,4,2.8,7.4,4.7,10,1.2,3,1.7,4.1,0.4,2.7,22.7,3,21.4,28.8,16.8,29.9,21.7,4,17.2,22.5,17.4,26.7,132.5,3,145.1,222,121.5,143.5,6.4,4,2.4,7.7,3.9,9.8,64.2,3,56.8,73.1,56.3,72,12.4,3,11.2,23.2,8.9,16.8,76.1,4,53.1,76.1,67.9,84.4,8.4,3,9.2,14.7,5.5,12.2,24.1,4,15.7,31.4,19.3,29.7,4296,3538,2001-2003
17,117,Macoupin,Illinois,IL,31,8,4,4.9,8,7,9,1.4,4,0.7,1.6,1,1.8,11.7,4,8.3,12.6,10.5,12.9,3.8,4,2.2,4.6,3.1,4.5,1,3,1.1,2.5,0.6,1.4,31.9,4,26.6,35.9,30.1,33.6,12.2,3,9.6,31.4,11,13.4,6.1,4,3.3,9.1,3.6,9.8,6.2,4,3.2,8.5,3.6,9.9,-1111.1,-1,0,29.8,-1111.1,-1111.1,-1111.1,-1,0,8.1,-1111.1,-1111.1,4.3,4,2.2,6.2,2.2,7.5,1.8,3,0.9,3.4,0.6,4.2,17.9,3,17.9,32.1,12,25.7,19.9,3,17.7,25.2,15.3,25.5,181.9,4,130.8,210.4,167.5,196.3,4.5,4,0.6,4.8,2.2,8.2,61.3,4,44.4,75,52.5,70.1,25.7,4,15.3,31.7,19.7,32.9,53.4,3,45.9,73.4,45.8,61,12.7,3,8.1,16.9,8.7,18,24,4,18.7,26.2,18.6,30.5,2787,3027,1999-2003
17,119,Madison,Illinois,IL,4,7.8,3,6.4,9.3,7.2,8.3,1.4,3,1,1.8,1.2,1.6,13.1,4,9.9,14.7,12.4,13.7,3.6,3,2.7,4.4,3.2,4,1.6,3,1.6,3,1.3,1.8,35,3,25,41.6,34.1,35.9,15.4,3,10.6,24.1,14.7,16.1,7.8,4,5.6,9.3,6.2,9.8,6.8,4,4.5,7.1,5.2,8.8,18.8,4,8.6,20.7,11.5,29.1,-1111.1,-1,2.3,10.7,-1111.1,-1111.1,5.2,4,3.4,6.5,3.9,6.8,2.6,4,1.5,3.3,1.7,3.8,25,3,22.5,30.9,20.5,29.4,22.8,4,15.4,22.8,19.6,25.9,188.6,4,114.2,201.1,179.6,197.7,3.6,3,2.1,8.3,2.4,5.2,64.4,4,44.7,63.6,59.1,69.8,16.8,4,8.1,19.7,13.9,19.7,59.7,4,46.6,67.5,54.7,64.8,13.6,4,9,15.8,11.1,16.2,24.3,4,18,29.2,20.9,27.6,10077,7994,2001-2003
17,121,Marion,Illinois,IL,34,8.3,4,5.7,8.4,7.3,9.4,1.3,3,0.8,1.9,0.8,1.7,12,3,9.4,14.8,10.7,13.2,4.6,3,3.7,7,3.8,5.4,1.1,3,1.1,2.1,0.7,1.5,42.7,4,29.7,42.7,40.8,44.6,16.5,3,14.1,24.6,15.1,17.9,6.6,3,5.5,10,3.8,10.5,5.1,3,4.9,9.7,2.6,8.8,-1111.1,-1,0,18.9,-1111.1,-1111.1,-1111.1,-1,0,37,-1111.1,-1111.1,3.9,3,3,6.3,1.9,7.1,2.7,3,1.4,3.6,1.1,5.6,26.5,4,18.2,31,18.4,37,23.8,4,18.3,27,18.3,30.4,208.2,3,143.8,244.3,191.2,225.2,-1111.1,-1,1.4,7.2,-1111.1,-1111.1,60.9,3,47,76.4,51.3,70.6,22.4,3,18.2,42.2,16.4,29.8,52.6,3,51.5,83.4,44.2,61,18.7,4,10.1,18,13.2,25.6,18.2,3,16.5,29.3,13,24.7,2589,2598,1999-2003
17,123,Marshall,Illinois,IL,55,5.7,3,5.4,7.4,4.5,6.9,0.7,3,0.8,1.7,0.3,1.1,10.6,4,8.6,11.4,9,12.2,3,3,1.9,4.6,2.1,3.8,2.1,4,1,3.5,1.4,2.9,28.1,4,18.6,31.9,25.8,30.4,10.7,3,8.9,18.6,9.1,12.3,8.6,4,3.3,11,4.3,15.4,8.8,4,2.9,10.7,4.4,15.8,-1111.1,-1,0,10.4,-1111.1,-1111.1,-1111.1,-1,0,25.6,-1111.1,-1111.1,7,4,2.1,7.4,3.2,13.3,1.6,3,0.5,3.8,0.2,5.6,28,4,20.5,35.2,18.5,40.4,23.8,4,17.8,28.4,17.3,31.9,220.7,4,145.1,229.9,200.1,241.3,-1111.1,-1,0.4,4.3,-1111.1,-1111.1,57.1,4,38.3,65.2,46,68.2,25.9,4,15.6,28,17.7,36.7,64,4,47.5,76.3,52.9,75,-1111.1,-1,6,16.7,-1111.1,-1111.1,16.6,3,16.1,24.4,10.7,24.7,1457,1659,1994-2003
17,125,Mason,Illinois,IL,40,7.7,4,4.7,7.6,6.5,8.9,1.4,4,0.6,1.4,0.9,1.9,11,4,8.5,12,9.6,12.4,5.5,4,2.2,5.3,4.5,6.5,0.5,3,1,2.5,0.2,0.8,34.8,4,19.2,36.1,32.7,36.9,12.6,3,11.3,23.9,11.1,14.1,8.2,4,4.7,8.8,4.5,13.8,8.4,4,3.8,8.4,4.6,14,-1111.1,-1,0,14.4,-1111.1,-1111.1,-1111.1,-1,0,23.3,-1111.1,-1111.1,4.7,4,1.9,5.7,2,9.3,3.5,4,1,4.1,1.3,7.7,30.1,4,16.8,32.5,20.8,42,28.9,4,17.7,28.6,22,37.3,195.3,4,138.8,233.8,176.5,214,-1111.1,-1,0,4.8,-1111.1,-1111.1,64,4,38,64.6,53,74.9,21.4,3,17.3,33.1,14.7,30,49,3,48.9,80.6,39.7,58.2,15.4,4,6.7,18.9,10,22.7,24.3,4,16.3,29.2,17.7,32.5,1916,1986,1994-2003
17,127,Massac,Illinois,IL,65,7.3,3,6.9,9.8,6.1,8.4,1.5,4,0.9,1.9,1,2.1,13.1,4,10.5,15.1,11.6,14.6,6.4,4,4.3,7.2,5.3,7.5,0.6,3,0.7,1.6,0.3,1,31.8,4,22.2,39.8,29.7,33.9,11.2,3,11,20.8,9.8,12.7,3.5,3,3.9,11.8,1.3,7.5,3.1,3,3.7,11.2,1,7.3,-1111.1,-1,0,19.1,-1111.1,-1111.1,-1111.1,-1,0,48.2,-1111.1,-1111.1,3.5,3,2.7,7.4,1.3,7.5,0,3,1.3,5.2,0,0,13.4,3,18.4,31.8,7.4,22.2,26,4,17.6,26.9,19.3,34.3,224.9,4,162.5,265,204.6,245.2,-1111.1,-1,2.3,8.9,-1111.1,-1111.1,67.4,4,53.9,78.8,55.8,78.9,19.4,3,17.8,40,13,27.7,72.8,4,52.7,90.1,61.5,84.2,14.5,4,9.4,19.2,9.2,21.8,39.8,4,20.2,36.2,31,50.4,1923,2216,1994-2003
17,129,Menard,Illinois,IL,57,6.9,4,5,7,5.6,8.2,0.9,3,0.6,1.5,0.4,1.3,11.5,4,8.8,11.5,9.8,13.1,2.9,4,1.9,4.7,2,3.7,2.2,4,1,2.1,1.4,3,24.7,4,18.5,29,22.4,26.9,8.5,3,7.7,23.9,7,10,5.5,3,3.8,8.7,2.2,11.4,4.8,3,3.8,8.8,1.8,10.4,-1111.1,-1,0,24.1,-1111.1,-1111.1,-1111.1,-1,0,18.9,-1111.1,-1111.1,4.8,4,2.2,6.6,1.7,10.3,0.8,3,0.7,3.3,0,4.4,33.3,4,17.8,33.8,21.6,49.1,23.3,4,17.3,28.3,15.9,33,200.2,4,139.3,224.3,176.6,223.8,-1111.1,-1,0.4,3.4,-1111.1,-1111.1,50.8,4,37.5,64.8,39.3,64.5,27.7,4,16.9,28.5,19,39,56.1,3,48.8,83.2,44.3,70.1,9.8,3,6.6,14.4,5,17.2,20,3,15.4,24.3,13.2,29.2,1395,1216,1994-2003
17,131,Mercer,Illinois,IL,57,5.8,3,5,7,4.7,6.9,0.4,3,0.6,1.5,0.1,0.7,8.7,3,8.8,11.5,7.4,10,2.8,4,1.9,4.7,2.1,3.6,1.4,3,1,2.1,0.8,1.9,26,4,18.5,29,24,28,10.2,3,7.7,23.9,8.8,11.6,4.8,3,3.8,8.7,2.1,9.4,4.3,3,3.8,8.8,1.7,8.8,-1111.1,-1,0,24.1,-1111.1,-1111.1,-1111.1,-1,0,18.9,-1111.1,-1111.1,3,3,2.2,6.6,1,7,1.8,3,0.7,3.3,0.4,5.2,12.8,3,17.8,33.8,7,21.6,14.1,3,17.3,28.3,9.5,20.1,195.6,4,139.3,224.3,177.1,214.1,-1111.1,-1,0.4,3.4,-1111.1,-1111.1,52.3,4,37.5,64.8,42.4,62.2,24.9,4,16.9,28.5,17.9,33.8,50.4,3,48.8,83.2,41,59.7,6.2,3,6.6,14.4,3.1,11.2,20.1,3,15.4,24.3,14.3,27.6,1848,1788,1994-2003
17,133,Monroe,Illinois,IL,47,9.1,4,5,7.8,7.7,10.4,1.2,4,0.8,1.4,0.7,1.7,13.6,4,9,12.9,12,15.2,1,3,1.4,4.1,0.6,1.5,2.1,4,1.1,3.3,1.4,2.7,16.9,3,17.6,32.2,15.1,18.6,4.7,3,7.8,20.4,3.7,5.7,5.2,3,2.7,7.9,2.4,9.8,5.2,3,2.8,7.9,2.4,10,-1111.1,-1,0,0,-1111.1,-1111.1,-1111.1,-1,0,9.8,-1111.1,-1111.1,4.6,4,1.4,5.6,2,9.1,0.6,3,0.6,3.1,0,3.2,25.1,4,19.5,31.9,15.4,38.7,28.5,4,14.5,27,20.6,38.4,137.5,3,111.5,213.4,118.8,156.3,-1111.1,-1,0.7,3.8,-1111.1,-1111.1,45.2,3,28.6,68.4,35,57.5,17.2,3,13.7,28,11,25.6,67.5,4,43.5,79.3,54.5,80.6,-1111.1,-1,7.1,17.8,-1111.1,-1111.1,20.1,3,14.4,30.2,13.4,28.9,1737,1214,1999-2003
17,135,Montgomery,Illinois,IL,30,6.8,3,5.4,8.7,5.6,8,1.4,4,0.8,1.7,0.9,2,13.7,4,8.9,13.7,12,15.3,4.7,4,2.3,5,3.7,5.7,1.4,3,1,3.2,0.9,2,33.5,4,26.7,40.8,31.3,35.8,12.2,3,9.7,20.2,10.7,13.8,1.8,3,4.2,9.7,0.4,5.2,1.8,3,4,9.8,0.4,5.3,-1111.1,-1,0,23,-1111.1,-1111.1,-1111.1,-1,0,27,-1111.1,-1111.1,0.6,3,1.6,6.4,0,3.3,1.2,3,1,4.5,0.1,4.2,22.5,3,16.9,31,14.1,34.2,25.3,4,16.6,27.4,18.8,33.4,153,3,143.5,248.2,135.7,170.2,-1111.1,-1,0.6,4.5,-1111.1,-1111.1,67.8,4,48.9,72.4,56,79.5,20.9,4,13.4,32.3,14.3,29.6,86.1,4,46.3,83.3,73.9,98.3,22.8,4,9.7,18.8,15.9,31.7,18.1,3,16.6,29.7,12.4,25.6,1700,1863,1999-2003
17,137,Morgan,Illinois,IL,30,8.7,4,5.4,8.7,7.5,9.9,1.7,4,0.8,1.7,1.1,2.3,12,4,8.9,13.7,10.6,13.4,4.1,4,2.3,5,3.3,5,1.7,4,1,3.2,1.1,2.3,39.2,4,26.7,40.8,37.1,41.3,11.7,3,9.7,20.2,10.3,13.1,6.3,3,4.2,9.7,3.4,10.8,5.9,3,4,9.8,2.9,10.5,-1111.1,-1,0,23,-1111.1,-1111.1,-1111.1,-1,0,27,-1111.1,-1111.1,4.4,4,1.6,6.4,2,8.3,1.9,3,1,4.5,0.5,5,17.1,3,16.9,31,10.3,26.6,23,4,16.6,27.4,17.1,30.3,245.9,4,143.5,248.2,225.8,266,-1111.1,-1,0.6,4.5,-1111.1,-1111.1,68.1,4,48.9,72.4,57,79.2,19.3,4,13.4,32.3,13.5,26.8,50.7,3,46.3,83.3,41.7,59.8,8,3,9.7,18.8,4.5,13,21.1,3,16.6,29.7,15.1,28.7,2065,2064,1999-2003
17,139,Moultrie,Illinois,IL,57,6.4,4,5,7,5.3,7.5,1.1,4,0.6,1.5,0.6,1.5,9.8,3,8.8,11.5,8.5,11.2,3.1,4,1.9,4.7,2.3,3.9,1.4,3,1,2.1,0.9,1.9,20.4,3,18.5,29,18.6,22.2,23.9,4,7.7,23.9,22,25.9,6.6,4,3.8,8.7,3.3,11.8,6.7,4,3.8,8.8,3.3,12,-1111.1,-1,0,24.1,-1111.1,-1111.1,-1111.1,-1,0,18.9,-1111.1,-1111.1,6,4,2.2,6.6,2.9,11,0.6,3,0.7,3.3,0,3.3,35.2,4,17.8,33.8,24.2,49.5,19.5,3,17.3,28.3,13.7,26.8,182.6,4,139.3,224.3,164.2,200.9,-1111.1,-1,0.4,3.4,-1111.1,-1111.1,53.8,4,37.5,64.8,43.7,65.6,15.8,3,16.9,28.5,9.9,23.9,88.5,4,48.8,83.2,76.2,100.8,12,4,6.6,14.4,7.1,19,20.2,3,15.4,24.3,14,28.3,1854,2022,1994-2003
17,141,Ogle,Illinois,IL,45,7.1,4,5.7,7.8,6.2,8,1.2,4,0.9,1.4,0.8,1.6,12.1,4,9.6,12.4,10.9,13.3,2.6,3,1.5,4.2,2,3.2,2,4,1.2,2.6,1.5,2.5,28.6,4,17.7,33.5,26.9,30.2,15.8,4,8.5,19,14.5,17.1,6.4,4,4,7.8,3.8,10,6.7,4,3.7,7.6,3.9,10.7,-1111.1,-1,0,71.4,-1111.1,-1111.1,-1111.1,-1,0,16.9,-1111.1,-1111.1,3,3,2.8,5.3,1.4,5.7,3.4,4,0.9,3.1,1.6,6.2,19.3,3,19.3,28.4,12.9,27.8,21.6,4,16.2,22.7,16.6,27.8,137.9,3,122.4,225.4,124.3,151.6,4.1,4,0.6,4,2,7.6,59.2,4,44.3,65.5,50.1,68.3,20.7,4,12.4,24.7,15.4,27.1,65.1,4,47.2,79.4,55.8,74.5,11.2,4,7.9,13.8,7.6,16.1,18,3,14.8,26.1,13.3,23.9,2973,2317,1999-2003
17,143,Peoria,Illinois,IL,15,8.6,4,6.8,9.5,8,9.2,1.7,4,1.1,2,1.4,1.9,14.3,4,11.5,14,13.5,15,4.6,4,2.9,5.2,4.1,5.1,1.7,3,1.2,2.3,1.4,2,43.1,4,26.6,44.3,42,44.2,12.7,3,10.8,21.3,11.9,13.4,8.3,3,5.8,10.3,6.4,10.6,4.9,3,4.9,8.4,3.2,7.2,17.8,4,3.3,18.9,12.5,24.7,-1111.1,-1,0,12.4,-1111.1,-1111.1,4.7,3,2.8,7.4,3.3,6.5,3.6,4,1.7,4.1,2.4,5.2,21.2,3,21.4,28.8,16.5,26.9,22.1,4,17.2,22.5,18.4,25.9,152.4,3,145.1,222,142.7,162,6.1,4,2.4,7.7,4.2,8.6,66.1,3,56.8,73.1,59.6,72.6,10.1,3,11.2,23.2,7.6,13.1,77.9,4,53.1,76.1,71.1,84.6,9.9,3,9.2,14.7,7.4,12.9,21.8,3,15.7,31.4,18,25.6,7793,5362,2001-2003
17,145,Perry,Illinois,IL,40,7.9,4,4.7,7.6,6.9,9,0.9,3,0.6,1.4,0.5,1.2,12.5,4,8.5,12,11.1,13.8,3.9,4,2.2,5.3,3.2,4.7,1,3,1,2.5,0.6,1.4,33.1,4,19.2,36.1,31.2,35,12.8,3,11.3,23.9,11.5,14.1,5.5,3,4.7,8.8,2.9,9.7,5.8,3,3.8,8.4,3,10.1,-1111.1,-1,0,14.4,-1111.1,-1111.1,-1111.1,-1,0,23.3,-1111.1,-1111.1,4.1,3,1.9,5.7,1.9,7.9,1.4,3,1,4.1,0.3,4,37.3,4,16.8,32.5,27.7,49.2,24.1,4,17.7,28.6,18.7,30.7,246.6,4,138.8,233.8,228.5,264.7,-1111.1,-1,0,4.8,-1111.1,-1111.1,58.2,4,38,64.6,49,67.5,20.8,3,17.3,33.1,15.2,27.7,49.5,3,48.9,80.6,41.5,57.5,14.7,4,6.7,18.9,10.2,20.6,19.2,3,16.3,29.2,14.2,25.4,2435,2580,1994-2003
17,147,Piatt,Illinois,IL,55,6,3,5.4,7.4,4.9,7.1,0.9,3,0.8,1.7,0.5,1.4,10.1,3,8.6,11.4,8.8,11.5,2.6,3,1.9,4.6,1.9,3.3,1.4,3,1,3.5,0.8,1.9,18.6,3,18.6,31.9,16.8,20.4,9,3,8.9,18.6,7.7,10.3,6.1,3,3.3,11,2.9,11.2,6.2,3,2.9,10.7,3,11.5,-1111.1,-1,0,10.4,-1111.1,-1111.1,-1111.1,-1,0,25.6,-1111.1,-1111.1,3,3,2.1,7.4,1,7.1,3,4,0.5,3.8,1,7.1,20.5,3,20.5,35.2,12.7,31.2,23.2,4,17.8,28.4,17,31,171.4,3,145.1,229.9,153.3,189.6,-1111.1,-1,0.4,4.3,-1111.1,-1111.1,55.1,4,38.3,65.2,44.7,65.4,21.4,3,15.6,28,14.7,30.2,51.6,3,47.5,76.3,41.7,61.5,-1111.1,-1,6,16.7,-1111.1,-1111.1,16.9,3,16.1,24.4,11.4,24,1839,1547,1994-2003
17,149,Pike,Illinois,IL,62,7.8,4,5.6,8,6.6,9,1.5,4,0.9,2,1,2.1,11.1,3,10,13.9,9.7,12.5,3.9,3,3.6,6.7,3,4.7,1.3,4,0.8,2.1,0.8,1.8,26.8,3,24.3,34,24.8,28.7,14.7,3,11,25.7,13.1,16.3,2.9,3,2.5,10.5,0.9,6.8,2.9,3,1.7,11.8,0.9,6.8,-1111.1,-1,0,24.4,-1111.1,-1111.1,-1111.1,-1,0,6.2,-1111.1,-1111.1,1.2,3,1.2,7.1,0.1,4.2,1.7,3,0,4.8,0.4,5.1,28.6,4,19.6,35.9,19.8,39.9,25.7,4,18.3,28.7,19.7,33,158.7,3,158.7,256.6,143.4,174,-1111.1,-1,1.5,8.9,-1111.1,-1111.1,60.6,3,49.3,72.5,50.6,70.6,24,3,21.1,42.8,17.1,32.8,53.9,3,52,84.4,45.4,62.5,13.1,3,10.3,20,8.2,19.9,23.6,3,17,30.8,17.6,31,1917,2242,1994-2003
17,151,Pope,Illinois,IL,61,6,3,5.1,8.4,3.7,8.3,-1111.1,-1,0.3,1.7,-1111.1,-1111.1,10,3,9,12.6,7.1,12.9,4.8,4,3.1,5.7,2.7,6.8,2.8,4,0.8,2.3,1.1,4.4,28,4,21.4,37.1,23.6,32.4,13.2,3,13.1,24.6,9.8,16.6,-1111.1,-1,2.8,11.8,-1111.1,-1111.1,-1111.1,-1,2.2,12,-1111.1,-1111.1,-1111.1,-1,0,0,-1111.1,-1111.1,-1111.1,-1,0,10.9,-1111.1,-1111.1,-1111.1,-1,1.4,9.6,-1111.1,-1111.1,-1111.1,-1,0,4.7,-1111.1,-1111.1,-1111.1,-1,12.9,35.2,-1111.1,-1111.1,25.3,4,15.6,27.5,14.1,41.9,169.1,3,164.4,288.1,137.6,205.8,-1111.1,-1,0.7,5.5,-1111.1,-1111.1,55,3,41,69.5,37.5,77.8,-1111.1,-1,16.8,41.5,-1111.1,-1111.1,55.8,3,49.6,77.2,38.8,77.7,-1111.1,-1,7.3,21.1,-1111.1,-1111.1,32.7,4,19.8,33.5,18.4,53.8,400,466,1994-2003
17,153,Pulaski,Illinois,IL,76,10.9,4,7.5,12.1,8.9,12.9,3,4,1.3,2.9,2,4.1,16,4,12.2,17.2,13.7,18.4,10.4,4,7.2,11.5,8.4,12.3,1.5,4,0.8,1.5,0.7,2.2,53.1,4,34.2,60.9,50,56.3,17.4,3,15.2,27,15,19.9,14,4,5.4,14,7.2,24.5,16.1,4,3.3,12.7,6.9,31.7,-1111.1,-1,4.8,19.1,-1111.1,-1111.1,-1111.1,-1,0,28.6,-1111.1,-1111.1,9.3,4,2.5,10.3,4,18.4,4.7,4,1.5,5.6,1.3,12,29.5,4,18.5,36.2,16.6,48.5,28.3,4,17.4,27.4,18.7,41.2,244.9,4,146.7,276.3,213.1,276.7,-1111.1,-1,4.6,13.4,-1111.1,-1111.1,70.7,4,54.3,84.4,54.5,90.3,26.6,3,25.9,45.8,16.1,41.4,75.9,3,60.5,97.1,59.7,95.1,-1111.1,-1,7,17,-1111.1,-1111.1,23.3,3,19.8,35,14,36.4,954,1058,1994-2003
17,155,Putnam,Illinois,IL,57,6.6,4,5,7,4.7,8.5,0.6,3,0.6,1.5,-2222.2,-2222.2,9.1,3,8.8,11.5,7,11.3,2.2,3,1.9,4.7,1.1,3.4,1.5,3,1,2.1,0.6,2.4,23.8,3,18.5,29,20.6,27,8.5,3,7.7,23.9,6.4,10.7,8.4,4,3.8,8.7,2.7,19.6,8.9,4,3.8,8.8,2.9,20.9,-1111.1,-1,0,24.1,-1111.1,-1111.1,-1111.1,-1,0,18.9,-1111.1,-1111.1,8.4,4,2.2,6.6,2.7,19.6,0,3,0.7,3.3,0,0,46.7,4,17.8,33.8,27.4,74.4,26.3,4,17.3,28.3,16.1,40.6,151.1,3,139.3,224.3,123,179.1,-1111.1,-1,0.4,3.4,-1111.1,-1111.1,54.2,4,37.5,64.8,38.8,73.5,27.1,4,16.9,28.5,15.1,44.9,48.4,3,48.8,83.2,33.7,67.4,-1111.1,-1,6.6,14.4,-1111.1,-1111.1,17.3,3,15.4,24.3,8.6,31.2,668,542,1994-2003
17,157,Randolph,Illinois,IL,30,7.8,4,5.4,8.7,6.6,9,1.5,4,0.8,1.7,1,2.1,13,4,8.9,13.7,11.5,14.5,3.3,3,2.3,5,2.5,4.1,1.1,3,1,3.2,0.6,1.5,33.7,4,26.7,40.8,31.6,35.9,13.6,3,9.7,20.2,12.1,15.2,11.7,4,4.2,9.7,7.3,17.7,12,4,4,9.8,7.4,18.3,-1111.1,-1,0,23,-1111.1,-1111.1,-1111.1,-1,0,27,-1111.1,-1111.1,8,4,1.6,6.4,4.5,13.2,3.7,4,1,4.5,1.5,7.7,27.1,4,16.9,31,18,39.2,22.5,4,16.6,27.4,16.5,30.1,197.2,4,143.5,248.2,178.3,216,-1111.1,-1,0.6,4.5,-1111.1,-1111.1,56.1,3,48.9,72.4,45.5,66.7,25.7,4,13.4,32.3,18.7,34.4,67.1,4,46.3,83.3,56.4,77.9,14.4,4,9.7,18.8,9.3,21.2,27,4,16.6,29.7,20.1,35.6,1877,1948,1999-2003
17,159,Richland,Illinois,IL,40,6.6,4,4.7,7.6,5.5,7.7,1.1,4,0.6,1.4,0.6,1.5,9.5,3,8.5,12,8.2,10.8,5.3,4,2.2,5.3,4.3,6.2,0.8,3,1,2.5,0.4,1.2,27.2,3,19.2,36.1,25.2,29.1,9.5,3,11.3,23.9,8.2,10.7,7.8,4,4.7,8.8,4.3,13.1,8,4,3.8,8.4,4.3,13.3,-1111.1,-1,0,14.4,-1111.1,-1111.1,-1111.1,-1,0,23.3,-1111.1,-1111.1,3.9,3,1.9,5.7,1.6,8,3.9,4,1,4.1,1.6,8,24.1,3,16.8,32.5,15.4,35.9,23.7,4,17.7,28.6,17.8,31,212.1,4,138.8,233.8,193,231.2,-1111.1,-1,0,4.8,-1111.1,-1111.1,58.9,4,38,64.6,48.4,69.3,21.3,3,17.3,33.1,14.8,29.8,57.6,3,48.9,80.6,47.8,67.4,10.4,3,6.7,18.9,6,16.7,22.3,3,16.3,29.2,16.2,29.9,1993,1933,1994-2003
17,161,Rock Island,Illinois,IL,16,7.6,3,6.3,9.1,6.9,8.3,1.5,4,0.9,1.9,1.2,1.8,12.8,4,10,13.6,11.9,13.7,4.1,4,2.5,4.7,3.6,4.7,1.8,3,1.4,3,1.4,2.1,43.6,4,27.2,43.6,42.3,44.9,14.2,3,12.3,24.7,13.3,15.1,6,3,5.5,9.4,4.2,8.4,5.8,3,4.9,8.7,3.7,8.6,9.1,3,0,24,3.4,19.9,5.5,3,0,14.9,1.8,12.8,3.4,3,3.4,6.7,2.1,5.3,2.6,4,1.5,3.9,1.4,4.3,27.9,4,19.9,28.9,21.9,34.9,16.5,3,15.3,24.5,13.2,20.3,167.2,3,127.5,228.4,156.4,178,-1111.1,-1,1.9,5.6,-1111.1,-1111.1,54.9,3,48.5,65.3,48.6,61.3,11,3,11,24.2,8.2,14.5,59.4,4,42.9,59.4,53,65.8,11.7,3,7.7,16,8.8,15.4,17.1,3,15.6,29.1,13.6,21.3,5817,4418,2001-2003
17,163,St. Clair,Illinois,IL,5,9,3,6,11.5,8.5,9.6,1.8,4,1.1,2.5,1.6,2.1,14.5,4,10,18.1,13.8,15.1,5.2,4,3.4,6.6,4.8,5.7,1.6,3,1.5,2.4,1.4,1.9,46.4,4,33.9,47,45.5,47.3,18,4,11.8,26.6,17.3,18.7,9.7,4,5.8,11.4,7.9,11.6,6.9,4,4.6,7.9,5,9.3,13.9,4,8,18.5,10.6,17.9,-1111.1,-1,5.1,9.3,-1111.1,-1111.1,5.4,3,3.5,7.8,4.1,6.9,4.3,4,1.6,4.3,3.1,5.7,27.2,4,22.6,32,22.3,32,23.5,4,16,23.5,20.1,26.9,182.4,4,144.4,244.4,173.1,191.8,12.6,4,4.1,14.9,10.2,15.3,69.6,4,46.3,69.5,63.7,75.4,16.2,3,11.3,24.3,13.4,19.1,56.4,3,42,76.8,51.2,61.6,9.3,3,8.2,16.2,7.3,11.8,22.8,3,15.6,30.4,19.4,26.1,11014,7826,2001-2003
17,165,Saline,Illinois,IL,50,8.9,4,7.2,10.7,7.5,10.4,1.3,3,1,2,0.7,1.9,13,3,11.2,17.3,11.3,14.7,5.4,4,2.9,7.3,4.3,6.6,0.6,3,0.8,1.8,0.2,1,38.3,4,26.9,46.5,35.8,40.7,13.5,3,11.2,20.8,11.7,15.3,11.2,4,4.6,12,6.5,17.9,11.3,4,3.5,11.3,6.4,18.3,-1111.1,-1,0,41.2,-1111.1,-1111.1,-1111.1,-1,0,30.8,-1111.1,-1111.1,5.9,4,1.7,8.4,2.7,11.2,5.2,4,1.5,4.6,2.3,10.3,18.8,3,17.4,31.1,11.3,29.3,24.8,4,15.8,28.4,18,33.3,232.6,4,156.9,268.1,210.9,254.4,-1111.1,-1,1.6,7.5,-1111.1,-1111.1,88.5,4,55.4,78.7,74.6,102.4,22.6,3,11.4,32.9,15.1,32.5,80.6,4,51.9,97.6,68.3,93,12.1,3,10.4,19.4,6.8,19.9,30.8,4,16.8,33.4,22.2,41.6,1524,2097,1999-2003
17,167,Sangamon,Illinois,IL,11,8.9,4,6.1,8.9,8.3,9.5,1.4,4,0.9,1.6,1.2,1.7,12.8,4,9.2,13,12,13.5,4,4,1.2,4.1,3.5,4.4,1.8,3,1.5,4.6,1.5,2.1,40.3,4,16.6,34.1,39.2,41.4,12.8,4,7,22.5,12.1,13.6,9.2,4,4.1,9,7.2,11.7,6.6,4,3.5,8.7,4.7,9,19.3,4,0,26.3,12.4,28.7,-1111.1,-1,0,16.7,-1111.1,-1111.1,6.5,4,2.8,6.5,4.8,8.5,2.8,4,0.9,3,1.7,4.2,30.2,4,20.7,30,24.5,36,22.8,4,16.2,22.8,19.1,26.5,148.3,3,118.4,181.9,138.9,157.7,7.4,4,0.6,5.8,5.3,10,60,4,45.6,63.9,53.9,66.1,13.6,4,7.4,20.2,10.7,17,56.5,4,43.4,67.1,50.7,62.3,10.9,4,7.6,13.5,8.4,14,17.8,3,15,25.5,14.5,21.2,7586,5430,2001-2003
17,169,Schuyler,Illinois,IL,59,5.9,3,5.4,7.8,4.2,7.5,0.9,3,0.8,1.5,0.2,1.5,9.7,3,9,12.6,7.7,11.8,3.2,3,2.4,4.9,2,4.5,1.5,3,0.9,2.3,0.7,2.3,22.4,3,21.1,32.3,19.5,25.3,19.3,4,10.9,22.5,16.5,22,5.5,3,2.7,9.6,1.5,14,5.6,3,2.8,9.2,1.5,14.3,-1111.1,-1,0,0,-1111.1,-1111.1,-1111.1,-1,0,7,-1111.1,-1111.1,2.7,3,1.8,6.7,0.3,9.9,2.7,4,0,5.3,0.3,9.9,31.3,4,17.3,33,18.2,50.2,23.8,4,15.9,29.2,15.3,35.4,309.8,4,142.6,260.5,277.5,342,-1111.1,-1,0,5.5,-1111.1,-1111.1,65.4,4,39.6,62.3,50.5,83.3,17.6,3,15.9,41.8,9.1,30.5,63,4,44.9,72.2,49.4,79.2,15.3,4,9.8,17.9,7.3,28.2,19.3,3,15.6,29,11,31.4,803,949,1994-2003
17,171,Scott,Illinois,IL,56,4.5,3,4.5,7.5,2.8,6.1,0.6,3,0.5,2,-2222.2,-2222.2,10.7,4,8.1,11.6,8.3,13.1,4.5,4,1.6,4.2,2.8,6.1,2.2,4,0.9,2.7,1.1,3.4,27.9,4,14.2,25.9,24.4,31.4,11.7,3,9.9,17.8,9.1,14.2,5.4,3,3.1,9.8,1.1,15.7,5.4,3,3.1,9.5,1.1,15.8,-1111.1,-1,0,0,-1111.1,-1111.1,-1111.1,-1,0,38.5,-1111.1,-1111.1,5.4,4,1.4,7.9,1.1,15.7,0,3,0,4.4,0,0,-1111.1,-1,17.1,31.7,-1111.1,-1111.1,28.6,4,14.2,26.5,17.1,44.8,262.8,4,125.8,235.2,226.4,299.2,-1111.1,-1,0,2.9,-1111.1,-1111.1,53.4,4,32.6,55.5,37.5,73.7,-1111.1,-1,15.6,33,-1111.1,-1111.1,44.8,3,46.6,69.4,30.9,62.8,-1111.1,-1,5.8,15.7,-1111.1,-1111.1,-1111.1,-1,12,28.8,-1111.1,-1111.1,627,628,1994-2003
17,173,Shelby,Illinois,IL,55,6,3,5.4,7.4,5.1,6.9,1.1,3,0.8,1.7,0.7,1.4,10.2,3,8.6,11.4,9,11.4,4.5,4,1.9,4.6,3.7,5.3,1.1,3,1,3.5,0.7,1.5,25.4,3,18.6,31.9,23.8,27.1,15.5,4,8.9,18.6,14.1,16.9,7.5,4,3.3,11,4.4,12,7.5,4,2.9,10.7,4.4,12.1,-1111.1,-1,0,10.4,-1111.1,-1111.1,-1111.1,-1,0,25.6,-1111.1,-1111.1,4.4,4,2.1,7.4,2.1,8.1,3.1,4,0.5,3.8,1.2,6.3,29.3,4,20.5,35.2,21.1,39.7,20.8,3,17.8,28.4,16,26.6,198.3,4,145.1,229.9,182.9,213.8,-1111.1,-1,0.4,4.3,-1111.1,-1111.1,48.4,3,38.3,65.2,40.5,56.4,25.4,4,15.6,28,19.1,33.1,67.3,4,47.5,76.3,58.4,76.3,7.8,3,6,16.7,4.6,12.5,20.2,3,16.1,24.4,15.1,26.5,2566,2581,1994-2003
17,175,Stark,Illinois,IL,54,6.1,3,5.1,7.2,4.4,7.8,1.3,4,0.6,1.7,0.5,2.1,9.1,3,8.3,11.4,7.1,11.2,2.9,4,1.6,4.3,1.7,4.1,1.3,3,1.1,2.7,0.5,2.1,22.7,4,16.6,28,19.7,25.6,12.9,3,9.7,18.7,10.5,15.3,8.9,4,1.7,10.9,3.3,19.3,9.1,4,1.7,10.8,3.3,19.8,-1111.1,-1,0,0,-1111.1,-1111.1,-1111.1,-1,0,20.8,-1111.1,-1111.1,5.9,4,0,8,1.6,15.2,3,4,0,3.3,0.4,10.7,-1111.1,-1,18.2,34.7,-1111.1,-1111.1,22.5,4,15.2,28,14,34.2,146.5,3,124.8,232.5,121.7,171.3,-1111.1,-1,0,3.8,-1111.1,-1111.1,63.9,4,36.2,59.3,47.8,83.7,24.3,4,17.2,33.8,13.6,40.1,75.3,4,47.7,75.6,59.5,93.9,17.8,4,5.7,20,9.2,31.2,30.5,4,15.3,30.1,19.2,46,759,876,1994-2003
17,177,Stephenson,Illinois,IL,27,8.1,4,4.9,7.2,7.1,9.1,1.9,4,0.7,1.3,1.4,2.4,12.7,4,8.9,12.7,11.5,13.9,4.6,4,1.8,3.7,3.8,5.3,1.7,3,1.4,2.2,1.2,2.1,38.9,4,22.9,33.9,37.1,40.6,13.7,4,10.1,19,12.5,15,7.5,4,4,8.9,4.7,11.3,6.6,4,2.9,9.1,3.8,10.7,15.7,4,0,19.1,5.8,34.2,-1111.1,-1,0,19.6,-1111.1,-1111.1,5.4,4,2.5,5.4,3.1,8.8,2,4,1,3.6,0.7,4.4,20.9,3,17.9,29.9,14.5,29.3,17.1,3,14.4,26.1,12.8,22.5,138.6,3,123.6,230.3,125.7,151.4,-1111.1,-1,0.6,3.1,-1111.1,-1111.1,51.9,4,37.3,61.3,43.7,60,15.5,3,14.7,35.1,11,21.1,55.6,3,45.6,77.3,47.7,63.5,9.2,3,6.2,15.5,5.7,13.9,17.8,3,16,26.5,13.1,23.6,2950,2608,1999-2003
17,179,Tazewell,Illinois,IL,12,6.8,4,5.6,7.8,6.1,7.5,1.2,4,0.9,1.5,0.9,1.5,11.8,4,9.5,12.6,10.9,12.7,2.6,4,1,3.6,2.1,3,1.3,3,1.5,3.6,1,1.7,28.8,4,13.9,33.9,27.5,30,7.2,3,6,19.4,6.5,7.9,7.1,4,4.2,7.8,4.9,9.9,7.1,4,3.9,7.5,4.9,10,-1111.1,-1,0,31.3,-1111.1,-1111.1,-1111.1,-1,0,9.2,-1111.1,-1111.1,5.9,4,2.7,5.7,3.9,8.5,1.3,3,1.1,2.8,0.5,2.7,24.6,4,18.3,29.6,18.6,31.8,21.6,4,15.1,24.1,17.5,26.2,151.6,3,109.3,211.5,140.4,162.8,-1111.1,-1,0.9,3.7,-1111.1,-1111.1,57.6,4,38.9,67.6,50.6,64.6,9.9,3,9.4,19.9,7,13.5,62,4,45.4,67.8,54.9,69.1,15.4,4,7.3,13.9,11.7,19.8,16.9,3,13,23.9,13.2,21.4,4784,3804,2001-2003
17,181,Union,Illinois,IL,64,6.6,3,6.3,9.3,5.6,7.7,0.8,3,0.9,1.8,0.4,1.1,10.6,3,10.5,13.4,9.3,11.9,4.3,3,3.9,6.6,3.4,5.2,1.7,4,0.7,1.8,1.2,2.3,24,3,21.2,37.5,22.1,25.8,12.8,3,10.6,22.6,11.4,14.3,4.7,3,4.7,10.8,2.2,9,4.7,3,4.2,10.1,2,9.3,-1111.1,-1,0,23.4,-1111.1,-1111.1,-1111.1,-1,0,13,-1111.1,-1111.1,3.2,3,2.3,7.9,1.2,6.9,1.6,3,0.7,4.1,0.3,4.6,22,3,17.7,33.9,14.4,32.1,26.5,4,15.5,28.2,20.5,33.7,222.6,3,160.4,288.5,204.2,241.1,-1111.1,-1,0.8,8.2,-1111.1,-1111.1,69.2,3,55.4,79.8,58.6,79.9,25.3,3,19.5,43.9,18.4,34,68,4,52.3,83,58,78,12.5,3,9.8,19.9,8,18.5,25.1,4,17,35.6,18.6,33.1,2099,2528,1994-2003
17,183,Vermilion,Illinois,IL,24,8.8,4,5.7,9.3,8,9.5,1.7,4,1,1.9,1.3,2,12.7,4,9.3,14.1,11.8,13.5,5.7,4,3.1,5.8,5.1,6.3,1,3,0.9,2.2,0.7,1.2,47.5,4,30.3,44.7,46.2,48.8,20.2,4,10.2,24.1,19.1,21.2,10.2,4,5.5,10.5,7.8,13.2,9.4,4,5.2,9.5,6.8,12.7,15.2,4,0,39.2,8.1,25.9,-1111.1,-1,0,25.2,-1111.1,-1111.1,5.8,4,3.5,6.6,4,8.2,4.2,4,1.5,4.2,2.7,6.3,23.8,3,20.1,31.3,18.2,30.5,21.8,4,15.8,24,17.7,25.8,187.9,3,163.2,248.8,176.1,199.8,5.7,4,1.6,7.9,3.6,8.5,75.7,4,51.4,78.7,68.1,83.3,21.2,4,12,30.3,17,26.1,63.6,4,43.9,74.2,56.8,70.4,9.9,3,9.9,17.8,7.1,13.4,21.3,3,18.7,32.1,17.3,26,5681,4857,1999-2003
17,185,Wabash,Illinois,IL,40,8.1,4,4.7,7.6,6.6,9.5,1.4,4,0.6,1.4,0.8,2,10.8,4,8.5,12,9.2,12.4,4.4,4,2.2,5.3,3.3,5.5,1.4,3,1,2.5,0.8,2.1,28.2,4,19.2,36.1,25.9,30.6,12.4,3,11.3,23.9,10.6,14.1,7.2,4,4.7,8.8,3.3,13.7,6.6,4,3.8,8.4,2.8,12.9,-1111.1,-1,0,14.4,-1111.1,-1111.1,-1111.1,-1,0,23.3,-1111.1,-1111.1,5.6,4,1.9,5.7,2.3,11.5,1.6,3,1,4.1,0.2,5.8,28.3,4,16.8,32.5,18.2,42.1,26.2,4,17.7,28.6,19,35.3,163.4,3,138.8,233.8,144.2,182.5,-1111.1,-1,0,4.8,-1111.1,-1111.1,68.5,4,38,64.6,55.5,81.4,17.4,3,17.3,33.1,10.8,26.4,54.9,3,48.9,80.6,44.5,67.1,-1111.1,-1,6.7,18.9,-1111.1,-1111.1,17.2,3,16.3,29.2,11.1,25.4,1389,1422,1994-2003
17,187,Warren,Illinois,IL,60,6.4,3,5.6,8.4,5.4,7.5,1.1,3,0.8,1.8,0.7,1.6,10.6,3,8.8,13.3,9.3,11.9,5.3,4,3,5.8,4.4,6.3,1.2,3,0.8,2.3,0.7,1.6,35.7,4,23.1,35.5,33.6,37.7,14.9,3,10.5,24.3,13.4,16.4,3.7,3,3.9,10.1,1.5,7.6,4.1,3,3.9,9.8,1.6,8.4,-1111.1,-1,0,17.6,-1111.1,-1111.1,-1111.1,-1,0,22.2,-1111.1,-1111.1,1.6,3,1.6,7.7,0.3,4.6,2.1,3,1.2,4,0.6,5.4,27.3,4,20.2,32.3,18.8,38.4,29.9,4,16.1,27.4,23.3,37.8,232.4,4,163.7,274.7,213.5,251.3,-1111.1,-1,0.7,5.7,-1111.1,-1111.1,54,3,47.6,73.4,44.5,63.4,14.9,3,16.8,36,10.2,21.2,75.8,4,50.2,104.7,65.1,86.5,8.3,3,8.4,19.3,4.7,13.7,11,3,15.8,31.4,7.1,16.3,2140,2133,1994-2003
17,189,Washington,Illinois,IL,57,5.1,3,5,7,4.1,6.2,0.7,3,0.6,1.5,0.3,1.1,8.8,3,8.8,11.5,7.4,10.2,3.5,4,1.9,4.7,2.6,4.4,1.4,3,1,2.1,0.8,2,22.9,3,18.5,29,20.8,24.9,10.9,3,7.7,23.9,9.4,12.4,6,4,3.8,8.7,2.7,11.4,6.1,4,3.8,8.8,2.8,11.6,-1111.1,-1,0,24.1,-1111.1,-1111.1,-1111.1,-1,0,18.9,-1111.1,-1111.1,4,4,2.2,6.6,1.5,8.7,2,4,0.7,3.3,0.4,5.9,28.1,4,17.8,33.8,18.6,40.8,26.1,4,17.3,28.3,19.6,34.2,283.7,4,139.3,224.3,260.7,306.7,-1111.1,-1,0.4,3.4,-1111.1,-1111.1,44.8,3,37.5,64.8,35.8,55.4,36.8,4,16.9,28.5,27.7,48.1,60.6,4,48.8,83.2,50.2,71,9.5,3,6.6,14.4,5.3,15.7,17.9,3,15.4,24.3,12.1,25.4,1640,1710,1994-2003
17,191,Wayne,Illinois,IL,59,7.1,4,5.4,7.8,5.9,8.2,1.5,4,0.8,1.5,1,2.1,13.3,4,9,12.6,11.8,14.9,4.5,4,2.4,4.9,3.6,5.4,1.4,3,0.9,2.3,0.9,2,25.2,4,21.1,32.3,23.3,27.1,12.4,3,10.9,22.5,10.9,13.8,9.6,4,2.7,9.6,5.6,15.4,9.2,4,2.8,9.2,5.3,15,-1111.1,-1,0,0,-1111.1,-1111.1,-1111.1,-1,0,7,-1111.1,-1111.1,6.2,4,1.8,6.7,3.1,11.2,3.4,4,0,5.3,1.2,7.4,23.9,3,17.3,33,15.9,34.5,17.6,3,15.9,29.2,12.7,23.7,228,4,142.6,260.5,209.3,246.7,6.3,4,0,5.5,3,11.7,62.4,4,39.6,62.3,52.1,72.6,18.8,3,15.9,41.8,12.7,26.8,56.7,3,44.9,72.2,47.6,65.8,13.9,4,9.8,17.9,8.8,20.9,17.3,3,15.6,29,12.2,23.9,1948,2109,1994-2003
17,193,White,Illinois,IL,64,9.1,4,6.3,9.3,7.7,10.5,1.2,3,0.9,1.8,0.7,1.8,11.1,3,10.5,13.4,9.6,12.6,4.8,3,3.9,6.6,3.8,5.8,1.6,4,0.7,1.8,1,2.2,28.5,4,21.2,37.5,26.3,30.7,16.6,4,10.6,22.6,14.7,18.4,1.4,3,4.7,10.8,0.2,5,1.4,3,4.2,10.1,0.2,5.1,-1111.1,-1,0,23.4,-1111.1,-1111.1,-1111.1,-1,0,13,-1111.1,-1111.1,0.7,3,2.3,7.9,0,3.8,0.7,3,0.7,4.1,0,3.8,17.7,3,17.7,33.9,10.7,27.7,25.9,4,15.5,28.2,19.7,33.3,288.5,4,160.4,288.5,267.5,309.5,-1111.1,-1,0.8,8.2,-1111.1,-1111.1,66.2,3,55.4,79.8,55.4,77,22.7,3,19.5,43.9,15.7,31.8,44,3,52.3,83,36.1,51.9,10.4,3,9.8,19.9,5.9,16.9,24.9,3,17,35.6,18.2,33.2,1623,2348,1994-2003
17,195,Whiteside,Illinois,IL,18,5.8,3,5.7,7.9,5,6.5,0.9,3,0.9,1.4,0.6,1.2,8.9,3,8.9,12.1,8,9.8,4.8,4,2.2,4.5,4.1,5.5,1.6,3,1.6,3.9,1.2,2,38.4,4,24.2,40.6,36.9,40,11,3,7.4,23.1,10,12,5.3,3,2.9,8.3,3.3,8.2,6.4,3,2.2,7.6,3.9,9.9,-1111.1,-1,0,41.8,-1111.1,-1111.1,0,3,0,23,0,0,2.7,3,2,5.7,1.3,4.9,2.7,4,1.3,3.2,1.3,4.9,27.1,4,20,32.4,20.2,35.4,19.5,3,15.9,25.4,15.3,24.4,204.2,4,127,220.8,190.2,218.3,-1111.1,-1,0.8,3.6,-1111.1,-1111.1,55.6,4,42.1,59.4,48.1,63.2,11.6,3,9.7,25.7,8,16.2,60.9,3,48.7,77.1,53.2,68.6,9.5,3,8,15.5,6.3,13.6,19.7,3,17,24.9,15.2,25.1,3750,3107,1999-2003
17,197,Will,Illinois,IL,10,7.3,3,5.9,8.6,7,7.6,1.5,4,1,1.6,1.3,1.6,12,4,9.6,13.2,11.7,12.4,2,3,1.4,3.5,1.8,2.1,2.4,3,2.1,3.7,2.2,2.6,20.7,3,15.9,36,20.2,21.2,8.7,3,8.7,21.2,8.3,9,6.2,4,4,8,5.3,7.2,5.1,4,3.3,6.6,4.1,6.2,14.9,4,7.2,17.6,10.7,20.2,6.7,4,3.3,9.4,4.4,9.7,4.9,4,2.8,5.9,4.1,5.8,1.3,3,1,2.4,0.9,1.8,26.4,4,22.9,28,22.5,30.2,21.2,4,15.9,22.7,18.5,23.9,197.4,4,117.1,207.8,189.1,205.7,3,3,1.3,5.5,2.2,4,55.1,4,43.7,62.2,50.9,59.4,12.3,4,7.9,14.3,10.6,14.1,53.5,4,39.2,68.6,49.1,57.8,9.2,3,6.3,14.8,7.7,10.7,16.5,3,13.6,25.2,14.3,18.7,27088,9565,2001-2003
17,199,Williamson,Illinois,IL,24,6.9,3,5.7,9.3,6.1,7.7,1.2,3,1,1.9,0.9,1.6,13,4,9.3,14.1,11.9,14.1,3.7,3,3.1,5.8,3.1,4.4,1,3,0.9,2.2,0.7,1.3,32.9,3,30.3,44.7,31.4,34.4,11.8,3,10.2,24.1,10.7,12.9,5.5,3,5.5,10.5,3.4,8.5,4.9,3,5.2,9.5,2.9,7.9,-1111.1,-1,0,39.2,-1111.1,-1111.1,-1111.1,-1,0,25.2,-1111.1,-1111.1,3,3,3.5,6.6,1.5,5.4,2.5,3,1.5,4.2,1.1,4.7,31.5,4,20.1,31.3,24.5,39.9,24.2,4,15.8,24,19.6,29.6,168.8,3,163.2,248.8,156.1,181.5,5.5,4,1.6,7.9,3.2,8.8,61.7,3,51.4,78.7,53.9,69.5,21.1,4,12,30.3,16.3,27,55.5,3,43.9,74.2,48.3,62.6,11.9,3,9.9,17.8,8.3,16.4,20.5,3,18.7,32.1,15.9,26,3628,3675,1999-2003
17,201,Winnebago,Illinois,IL,10,8.6,4,5.9,8.6,8.1,9.1,1.9,4,1,1.6,1.6,2.1,13.5,4,9.6,13.2,12.9,14.1,3.9,4,1.4,3.5,3.6,4.3,2,3,2.1,3.7,1.7,2.2,40.7,4,15.9,36,39.8,41.6,18.4,4,8.7,21.2,17.7,19.1,8.5,4,4,8,6.8,10.1,6.8,4,3.3,6.6,5.1,8.8,18.9,4,7.2,17.6,13.3,26.2,6.5,4,3.3,9.4,3.2,11.6,6.5,4,2.8,5.9,5.1,8.1,2,4,1,2.4,1.3,3,25.9,4,22.9,28,21.3,30.4,17.6,3,15.9,22.7,14.8,20.4,170.2,4,117.1,207.8,161.6,178.8,5.5,4,1.3,5.5,4,7.4,62.2,4,43.7,62.2,57,67.5,12.5,4,7.9,14.3,10.1,14.9,58.6,4,39.2,68.6,53.6,63.7,10.1,4,6.3,14.8,8.1,12.5,24.6,4,13.6,25.2,21.2,27.9,11909,7470,2001-2003
17,203,Woodford,Illinois,IL,47,6.4,3,5,7.8,5.4,7.4,1.2,4,0.8,1.4,0.7,1.6,10.9,4,9,12.9,9.6,12.2,1.4,3,1.4,4.1,0.9,1.9,2.8,4,1.1,3.3,2.1,3.5,19,3,17.6,32.2,17.3,20.6,7.1,3,7.8,20.4,6,8.1,7.5,4,2.7,7.9,4.3,12.1,7.6,4,2.8,7.9,4.4,12.4,-1111.1,-1,0,0,-1111.1,-1111.1,-1111.1,-1,0,9.8,-1111.1,-1111.1,4.7,4,1.4,5.6,2.2,8.6,2.8,4,0.6,3.1,1,6.1,19.5,3,19.5,31.9,12.1,29.6,16.7,3,14.5,27,11.6,23.3,153.2,3,111.5,213.4,137,169.4,-1111.1,-1,0.7,3.8,-1111.1,-1111.1,38.1,3,28.6,68.4,30,47.8,13.5,3,13.7,28,8.5,20.3,71.5,4,43.5,79.3,60.8,82.2,7.1,3,7.1,17.8,3.9,12,14.4,3,14.4,30.2,9.7,20.7,2144,1719,1999-2003
